-- phpMyAdmin SQL Dump
-- version 4.3.11
-- http://www.phpmyadmin.net
--
-- Host: 127.0.0.1
-- Generation Time: Dec 14, 2015 at 05:09 PM
-- Server version: 5.6.24
-- PHP Version: 5.6.8

SET SQL_MODE = "NO_AUTO_VALUE_ON_ZERO";
SET time_zone = "+00:00";


/*!40101 SET @OLD_CHARACTER_SET_CLIENT=@@CHARACTER_SET_CLIENT */;
/*!40101 SET @OLD_CHARACTER_SET_RESULTS=@@CHARACTER_SET_RESULTS */;
/*!40101 SET @OLD_COLLATION_CONNECTION=@@COLLATION_CONNECTION */;
/*!40101 SET NAMES utf8 */;

--
-- Database: `db_diadiem`
--
CREATE DATABASE db_diadiem
  DEFAULT CHARACTER SET utf8
  DEFAULT COLLATE utf8_general_ci;
-- --------------------------------------------------------

--
-- Table structure for table `category`
--

CREATE TABLE IF NOT EXISTS `category` (
  `category_id` int(11) NOT NULL,
  `category_name` varchar(45) DEFAULT NULL,
  `link` varchar(255) DEFAULT NULL
) ENGINE=InnoDB DEFAULT CHARSET=utf8;

--
-- Dumping data for table `category`
--

INSERT INTO `category` (`category_id`, `category_name`, `link`) VALUES
(1, 'Trung tâm TDTT', 'public/images/tdtt.png'),
(2, 'Bể bơi', 'public/images/beboi.png'),
(3, 'Phòng tập Gym', 'public/images/gym.png'),
(4, 'Sân tennis', 'public/images/tennis.png'),
(5, 'Sân bóng đá', 'public/images/bongda.png');

-- --------------------------------------------------------

--
-- Table structure for table `images`
--

CREATE TABLE IF NOT EXISTS `images` (
  `image_id` int(11) NOT NULL,
  `location_id` int(11) NOT NULL,
  `link` varchar(255) NOT NULL,
  `updated_at` date DEFAULT NULL,
  `created_at` date DEFAULT NULL
) ENGINE=InnoDB AUTO_INCREMENT=229 DEFAULT CHARSET=utf8;

--
-- Dumping data for table `images`
--

INSERT INTO `images` (`image_id`, `location_id`, `link`, `updated_at`, `created_at`) VALUES
(152, 32, 'public/images/338beboithaihadsfgdfdsfds.jpg', '2015-12-03', '2015-12-03'),
(153, 32, 'public/images/397beboithaihadsfgdfdsfds.jpg', '2015-12-03', '2015-12-03'),
(154, 32, 'public/images/749beboithaihadsfgdfdsfds.jpg', '2015-12-03', '2015-12-03'),
(155, 32, 'public/images/584beboithaihadsfgdfdsfds.jpg', '2015-12-03', '2015-12-03'),
(156, 26, 'public/images/395SanBongBachVietLoD18NgatuTranThaiTonggiaoDuyTan.jpg', '2015-12-03', '2015-12-03'),
(157, 26, 'public/images/21SanBongBachVietLoD18NgatuTranThaiTonggiaoDuyTan.jpg', '2015-12-03', '2015-12-03'),
(158, 26, 'public/images/522SanBongBachVietLoD18NgatuTranThaiTonggiaoDuyTan.jpg', '2015-12-03', '2015-12-03'),
(159, 27, 'public/images/224SanBongSonTrang3386-NguyenXien-ThanhXuan-HaNoi.jpg', '2015-12-03', '2015-12-03'),
(160, 27, 'public/images/935SanBongSonTrang3386-NguyenXien-ThanhXuan-HaNoi.jpg', '2015-12-03', '2015-12-03'),
(161, 27, 'public/images/855SanBongSonTrang3386-NguyenXien-ThanhXuan-HaNoi.jpg', '2015-12-03', '2015-12-03'),
(162, 27, 'public/images/467SanBongSonTrang3386-NguyenXien-ThanhXuan-HaNoi.jpg', '2015-12-03', '2015-12-03'),
(163, 27, 'public/images/935SanBongSonTrang3386-NguyenXien-ThanhXuan-HaNoi.jpg', '2015-12-03', '2015-12-03'),
(164, 27, 'public/images/942SanBongSonTrang3386-NguyenXien-ThanhXuan-HaNoi.jpg', '2015-12-03', '2015-12-03'),
(165, 27, 'public/images/504SanBongSonTrang3386-NguyenXien-ThanhXuan-HaNoi.jpg', '2015-12-03', '2015-12-03'),
(166, 27, 'public/images/881SanBongSonTrang3386-NguyenXien-ThanhXuan-HaNoi.jpg', '2015-12-03', '2015-12-03'),
(167, 28, 'public/images/414SanBongTiendat668NguyenXien-ThanhXuan-HaNoi.jpg', '2015-12-03', '2015-12-03'),
(168, 28, 'public/images/87SanBongTiendat668NguyenXien-ThanhXuan-HaNoi.jpg', '2015-12-03', '2015-12-03'),
(169, 28, 'public/images/541SanBongTiendat668NguyenXien-ThanhXuan-HaNoi.jpg', '2015-12-03', '2015-12-03'),
(170, 29, 'public/images/802SanBongNhatSonA7-NamTrungYen-HaNoi.jpg', '2015-12-03', '2015-12-03'),
(171, 29, 'public/images/494SanBongNhatSonA7-NamTrungYen-HaNoi.jpg', '2015-12-03', '2015-12-03'),
(172, 29, 'public/images/273SanBongNhatSonA7-NamTrungYen-HaNoi.jpg', '2015-12-03', '2015-12-03'),
(173, 30, 'public/images/378SanBongLeVanLuong58ToHuu(LeVanLuongKeoDai).jpg', '2015-12-03', '2015-12-03'),
(174, 30, 'public/images/585SanBongLeVanLuong58ToHuu(LeVanLuongKeoDai).jpg', '2015-12-03', '2015-12-03'),
(175, 30, 'public/images/215SanBongLeVanLuong58ToHuu(LeVanLuongKeoDai).jpg', '2015-12-03', '2015-12-03'),
(176, 31, 'public/images/315BeBoiBonmuadinhCongKhudothidinhCongdinhCongHoangMaiHaNoiVietNam.jpg', '2015-12-03', '2015-12-03'),
(177, 31, 'public/images/420BeBoiBonmuadinhCongKhudothidinhCongdinhCongHoangMaiHaNoiVietNam.jpg', '2015-12-03', '2015-12-03'),
(178, 31, 'public/images/177BeBoiBonmuadinhCongKhudothidinhCongdinhCongHoangMaiHaNoiVietNam.jpg', '2015-12-03', '2015-12-03'),
(179, 31, 'public/images/982BeBoiBonmuadinhCongKhudothidinhCongdinhCongHoangMaiHaNoiVietNam.jpg', '2015-12-03', '2015-12-03'),
(180, 32, 'public/images/855BeBoiThaiHa5ThaiHaPhuongTrungLietQuandongdaHaNoi.jpg', '2015-12-03', '2015-12-03'),
(181, 32, 'public/images/728BeBoiThaiHa5ThaiHaPhuongTrungLietQuandongdaHaNoi.jpg', '2015-12-03', '2015-12-03'),
(182, 32, 'public/images/954BeBoiThaiHa5ThaiHaPhuongTrungLietQuandongdaHaNoi.jpg', '2015-12-03', '2015-12-03'),
(183, 33, 'public/images/897BeBoiLinhdamNguyenHuuTho(khuvucBacLinhdam)-HoangMai-HaNoi.jpg', '2015-12-03', '2015-12-03'),
(184, 33, 'public/images/157BeBoiLinhdamNguyenHuuTho(khuvucBacLinhdam)-HoangMai-HaNoi.jpg', '2015-12-03', '2015-12-03'),
(185, 33, 'public/images/338BeBoiLinhdamNguyenHuuTho(khuvucBacLinhdam)-HoangMai-HaNoi.jpg', '2015-12-03', '2015-12-03'),
(186, 34, 'public/images/304BeBoiRainbowTang6ToaNhaRainbowVanQuanPhuongVanQuanHadongHaNoi.jpg', '2015-12-03', '2015-12-03'),
(187, 34, 'public/images/44BeBoiRainbowTang6ToaNhaRainbowVanQuanPhuongVanQuanHadongHaNoi.jpg', '2015-12-03', '2015-12-03'),
(188, 34, 'public/images/597BeBoiRainbowTang6ToaNhaRainbowVanQuanPhuongVanQuanHadongHaNoi.jpg', '2015-12-03', '2015-12-03'),
(189, 34, 'public/images/655BeBoiRainbowTang6ToaNhaRainbowVanQuanPhuongVanQuanHadongHaNoi.jpg', '2015-12-03', '2015-12-03'),
(190, 35, 'public/images/597BeBoiBonmuaNghiaTanBeboibonmuaNghiaTan-So14ToHieuHaNoi.jpg', '2015-12-03', '2015-12-03'),
(191, 35, 'public/images/528BeBoiBonmuaNghiaTanBeboibonmuaNghiaTan-So14ToHieuHaNoi.jpg', '2015-12-03', '2015-12-03'),
(192, 35, 'public/images/533BeBoiBonmuaNghiaTanBeboibonmuaNghiaTan-So14ToHieuHaNoi.jpg', '2015-12-03', '2015-12-03'),
(193, 36, 'public/images/947CLBGymThangLong(dongda)So3ChuaLangdongdaHaNoi.jpg', '2015-12-03', '2015-12-03'),
(194, 36, 'public/images/924CLBGymThangLong(dongda)So3ChuaLangdongdaHaNoi.jpg', '2015-12-03', '2015-12-03'),
(195, 36, 'public/images/687CLBGymThangLong(dongda)So3ChuaLangdongdaHaNoi.jpg', '2015-12-03', '2015-12-03'),
(196, 37, 'public/images/785CLBNshapeFitnessNguyenChiThanhTang5toanhaVuonXuan71NguyenChiThanhdongdaHaNoi.jpg', '2015-12-03', '2015-12-03'),
(197, 37, 'public/images/606CLBNshapeFitnessNguyenChiThanhTang5toanhaVuonXuan71NguyenChiThanhdongdaHaNoi.jpg', '2015-12-03', '2015-12-03'),
(198, 37, 'public/images/141CLBNshapeFitnessNguyenChiThanhTang5toanhaVuonXuan71NguyenChiThanhdongdaHaNoi.jpg', '2015-12-03', '2015-12-03'),
(199, 37, 'public/images/734CLBNshapeFitnessNguyenChiThanhTang5toanhaVuonXuan71NguyenChiThanhdongdaHaNoi.jpg', '2015-12-03', '2015-12-03'),
(200, 38, 'public/images/384CLBGoldemGym-SVDBachKhoaSVDBachKhoaHaiBaTrungHaNoi.jpg', '2015-12-03', '2015-12-03'),
(201, 38, 'public/images/999CLBGoldemGym-SVDBachKhoaSVDBachKhoaHaiBaTrungHaNoi.jpg', '2015-12-03', '2015-12-03'),
(202, 38, 'public/images/418CLBGoldemGym-SVDBachKhoaSVDBachKhoaHaiBaTrungHaNoi.jpg', '2015-12-03', '2015-12-03'),
(203, 39, 'public/images/655CLBTexasnhaA4kytucxaThangLong76DuyTanCauGiayHaNoi.jpg', '2015-12-03', '2015-12-03'),
(204, 39, 'public/images/479CLBTexasnhaA4kytucxaThangLong76DuyTanCauGiayHaNoi.jpg', '2015-12-03', '2015-12-03'),
(205, 39, 'public/images/916CLBTexasnhaA4kytucxaThangLong76DuyTanCauGiayHaNoi.jpg', '2015-12-03', '2015-12-03'),
(206, 40, 'public/images/610TTTDthammyGYM-CURVESKimMaPhong102-toanhaDMC535KimMaBadinhHaNoi.jpg', '2015-12-03', '2015-12-03'),
(207, 40, 'public/images/151TTTDthammyGYM-CURVESKimMaPhong102-toanhaDMC535KimMaBadinhHaNoi.jpg', '2015-12-03', '2015-12-03'),
(208, 40, 'public/images/636TTTDthammyGYM-CURVESKimMaPhong102-toanhaDMC535KimMaBadinhHaNoi.jpg', '2015-12-03', '2015-12-03'),
(209, 41, 'public/images/852SanTennisThinhHaoSo60NgoThinhHao1TonducThangHaNoi.jpg', '2015-12-03', '2015-12-03'),
(210, 41, 'public/images/35SanTennisThinhHaoSo60NgoThinhHao1TonducThangHaNoi.jpg', '2015-12-03', '2015-12-03'),
(211, 41, 'public/images/208SanTennisThinhHaoSo60NgoThinhHao1TonducThangHaNoi.jpg', '2015-12-03', '2015-12-03'),
(212, 42, 'public/images/97SanTennisCLBMuaXuan69TranNhanTongHaiBaTrungHaNoiVietNam.jpg', '2015-12-03', '2015-12-03'),
(213, 42, 'public/images/443SanTennisCLBMuaXuan69TranNhanTongHaiBaTrungHaNoiVietNam.jpg', '2015-12-03', '2015-12-03'),
(214, 42, 'public/images/541SanTennisCLBMuaXuan69TranNhanTongHaiBaTrungHaNoiVietNam.jpg', '2015-12-03', '2015-12-03'),
(215, 43, 'public/images/347TTTTTranQuocHoan120TranQuocHoanPhuongQuanHoaQuanCauGiayHaNoi.jpg', '2015-12-03', '2015-12-03'),
(216, 43, 'public/images/983TTTTTranQuocHoan120TranQuocHoanPhuongQuanHoaQuanCauGiayHaNoi.jpg', '2015-12-03', '2015-12-03'),
(217, 43, 'public/images/235TTTTTranQuocHoan120TranQuocHoanPhuongQuanHoaQuanCauGiayHaNoi.jpg', '2015-12-03', '2015-12-03'),
(218, 43, 'public/images/918TTTTTranQuocHoan120TranQuocHoanPhuongQuanHoaQuanCauGiayHaNoi.jpg', '2015-12-03', '2015-12-03'),
(219, 44, 'public/images/867SanTennisChienDuongCongphucongvienCauGiayTranThaiTongDichVongCauGiayHaNoiVietNam.jpg', '2015-12-03', '2015-12-03'),
(220, 44, 'public/images/675SanTennisChienDuongCongphucongvienCauGiayTranThaiTongDichVongCauGiayHaNoiVietNam.jpg', '2015-12-03', '2015-12-03'),
(221, 44, 'public/images/818SanTennisChienDuongCongphucongvienCauGiayTranThaiTongDichVongCauGiayHaNoiVietNam.jpg', '2015-12-03', '2015-12-03'),
(222, 45, 'public/images/324SanTennisHTXLangHa59LangHa.dongda.HaNoi.jpg', '2015-12-03', '2015-12-03'),
(223, 45, 'public/images/977SanTennisHTXLangHa59LangHa.dongda.HaNoi.jpg', '2015-12-03', '2015-12-03'),
(224, 45, 'public/images/950SanTennisHTXLangHa59LangHa.dongda.HaNoi.jpg', '2015-12-03', '2015-12-03'),
(225, 39, 'public/images/299CLBTexasnhaA4kytucxaThangLong76DuyTanCauGiayHaNoi.jpg', '2015-12-03', '2015-12-03'),
(226, 39, 'public/images/492CLBTexasnhaA4kytucxaThangLong76DuyTanCauGiayHaNoi.jpg', '2015-12-03', '2015-12-03'),
(227, 46, 'public/images/490demo_120TranQuocHoanPhuongQuanHoaQuanCauGiayHaNoi.jpg', '2015-12-08', '2015-12-08');

-- --------------------------------------------------------

--
-- Table structure for table `location`
--

CREATE TABLE IF NOT EXISTS `location` (
  `id` int(11) NOT NULL,
  `name` varchar(255) DEFAULT NULL,
  `address` varchar(255) DEFAULT NULL,
  `link` varchar(255) DEFAULT NULL,
  `contact` varchar(255) DEFAULT NULL,
  `coordinates` varchar(255) DEFAULT NULL,
  `area` float DEFAULT NULL,
  `sale` text,
  `describe` text,
  `price` text,
  `category_id` int(11) NOT NULL,
  `user_id` int(10) unsigned NOT NULL,
  `actived` smallint(6) DEFAULT '0',
  `created_at` date DEFAULT NULL,
  `updated_at` date DEFAULT NULL
) ENGINE=InnoDB AUTO_INCREMENT=1423 DEFAULT CHARSET=utf8;

--
-- Dumping data for table `location`
--

INSERT INTO `location` (`id`, `name`, `address`, `link`, `contact`, `coordinates`, `area`, `sale`, `describe`, `price`, `category_id`, `user_id`, `actived`, `created_at`, `updated_at`) VALUES
(26, 'Sân Bóng Bách Việt', 'Nguyen Chanh, Trung Hoa, Cau Giay, Ha Noi', 'SanBongBachVietLoD18NgatuTranThaiTonggiaoDuyTan', '04 6684 9023', NULL, 320, ' Tất cả các trận đấu trước 16h00 ngày thứ 7 ', 'BachvietSport là hệ thống sân bóng cỏ nhân tạo tiêu chuẩn FIFA đẹp nhất Hà Nội. Hiện sân còn 1 số khung giờ vip trống giá ưu đãi mời anh em chơi bóng quan tâm liên hệ đặt sớm để có được sân chơi đẹp nhất, khung giờ ưng ý nhất.', 'Từ 7h30 đến 16h: 100k \r\nTừ 16h đến 22h : 300k', 5, 1, 0, '2015-12-03', '2015-12-03'),
(27, 'Sân Bóng Sơn Trang 3', '386 nguyen Xien, Thanh Xuan, Ha Noi', 'SanBongSonTrang3386-NguyenXien-ThanhXuan-HaNoi', '0982545202', NULL, 340, '', 'Hệ Thống Sân Cỏ Nhân Tạo Hải Anh', 'Từ 7h đến 16h: 300k\r\nTừ 16h đến 22h : 500k', 5, 1, 1, '2015-12-03', '2015-12-03'),
(28, 'Sân Bóng Tiến Đạt', '668 Nguyen Xien, Thanh Xuan, Ha Noi', 'SanBongTiendat668NguyenXien-ThanhXuan-HaNoi', '0985902590', NULL, 50, '', '', 'Từ 7h30 đến 16h 300k,\r\nTừ  16h đến 22h :400k', 5, 1, 1, '2015-12-03', '2015-12-03'),
(29, 'Sân Bóng Nhất Sơn', 'Nguyen Chanh, Cau giay, Ha noi', 'SanBongNhatSonA7-NamTrungYen-HaNoi', '0983299246', NULL, 500, '', '', 'Từ 7h đến 17h: 200k\r\nTừ 17h đến 22h : 350k', 5, 1, 1, '2015-12-03', '2015-12-03'),
(30, 'Sân Bóng Lê Văn Lương', '58 To huu, Trung van, Nam Tu Liem, Ha noi', 'SanBongLeVanLuong58ToHuu(LeVanLuongKeoDai)', '0986805555', NULL, 300, '', 'Nằm tại 58 Tố Hữu, Quận Thanh Xuân, Hà Nội  được nhiều người biết đến với diện tích sân rộng, cỏ mềm, sân đẹp và chất lượng ánh sáng tốt.Sân bóng Lê Văn Lương là địa điểm rất quen thuộc với giới văn phòng, mọi người thường thuê sân để đá bóng hàng ngày và tổ chức cái giải đầu giao lưu giữa các doanh nghiệp, tổ chức với nhau.  ', 'Từ 7h đến 17h: 200k;\r\nTừ 17h đến 22h : 300k', 5, 1, 1, '2015-12-03', '2015-12-03'),
(31, 'Bể Bơi Bốn mùa Định Công', 'Khu Do thi Dinh Cong, Dinh Cong, Hoang Mai, Ha Noi', 'BeBoiBonmuadinhCongKhudothidinhCongdinhCongHoangMaiHaNoiVietNam', '097 365 5050 ', NULL, 300, '', 'Là một bể bơi nước nóng mới thuộc khi đô thị Định Công được đầu tư bởi HUD, đây là bể bơi mới được trang bị hiện đại. Bể bơi Định Công đạt tiêu chuẩn quốc tế với hệ thống điều hòa quanh bể.\r\n\r\nDo là bể bơi mới nên lượng người đến đây khá ít, nên nếu bạn ngại đến các bể bơi chật kín người, đây sẽ là địa điểm lý tưởng.\r\n\r\nBể bơi này có bể bơi nhỏ cho các em bé bơi, nên cũng hợp lý cho cả gia đình đi cùng con nhỏ.', 'Giá vé: 80.000đ/người lớn, 60.000đ/trẻ em dưới 1,2 m', 2, 1, 1, '2015-12-03', '2015-12-03'),
(32, 'Bể Bơi Thái Hà', 'Thai Ha, Trung Liet, Dong Da, Ha Noi', 'BeBoiThaiHa5ThaiHaPhuongTrungLietQuandongdaHaNoi', '038 572 726', NULL, 300, '', 'Bể bơi Thái Hà rộng rãi, thoáng mát, dài 50m, độ sâu 30cm – 1,8m, nước trong xanh, nếu bạn là người mới tập bơi thì thời gian tốt nhất cho bạn tập luyện là ca bơi lúc 18h – 19h tối vì lượng người lúc này vắng hơn các ca bơi ban ngày, bạn sẽ có nhiều không gian để luyện tập và thư giãn.', '30k/ 1h', 2, 1, 1, '2015-12-03', '2015-12-03'),
(33, 'Bể Bơi Linh Đàm', 'Nguyen Huu Tho, Hoang Mai, Ha noi', 'BeBoiLinhdamNguyenHuuTho(khuvucBacLinhdam)-HoangMai-HaNoi', '0439915668', NULL, 300, '', 'Bể bơi nhỏ, chỗ sâu nhất là 1.6m, hợp cho nhi đồng và thiếu niên. Mới sáng mà bể bơi đã khá đông, dưới bể là các em, trên bờ là các ông bố bà mẹ. Thời buổi, dắt tay chỉ việc, muốn con biết bơi, bố mẹ cũng phải "bơi" theo.', 'Giá vé 30K/ người lớn (> 1m4). 20K trẻ em (< 1m4)', 2, 1, 1, '2015-12-03', '2015-12-03'),
(34, 'Bể Bơi Rainbow', 'Toa Nha Rainbow Van Quan, Van Quan, Ha Dong, Ha Noi', 'BeBoiRainbowTang6ToaNhaRainbowVanQuanPhuongVanQuanHadongHaNoi', '0433120118', NULL, 500, '', 'Bể bơi nước nóng Health club Rainbow Văn Quán sở hữu một bể bơi thông minh, hiện đại đáp ứng tối đa nhu cầu bơi và luyện tập dưới nước của khách hàng.', '120k/ng lớn, 80k/trẻ em. Có xông hơi kèm theo. Thẻ tháng người lớn là 2 triệu/ tháng, trẻ em là 1,6 triệu/ tháng.', 2, 1, 1, '2015-12-03', '2015-12-03'),
(35, 'Bể Bơi Bốn mùa Nghĩa Tân', 'Bể bơi bốn mùa Nghĩa Tân - Số 14 Tô Hiệu, Hà Nội', 'BeBoiBonmuaNghiaTanBeboibonmuaNghiaTan-So14ToHieuHaNoi', '0433120238', NULL, 0, '', 'Bể mới khai trương vẫn còn ít người biết đến, nên bể vắng, bơi rất thoải mái. ', 'Người lớn: 80.000 VNĐ\r\n- Trẻ em: 50.000 VNĐ', 2, 1, 1, '2015-12-03', '2015-12-03'),
(36, 'CLB Gym Thăng Long ( Đống Đa)', 'Số 3 Chùa Láng, Đống Đa, Hà Nội', 'CLBGymThangLong(dongda)So3ChuaLangdongdaHaNoi', '0983266175', NULL, 300, '', 'CLB Thăng Long vốn là nơi luyện tập của đội tuyển Hà Nội nên sở hữu những đồ tập được gọi là tốt nhưng nhìn hơi cùi bắp (tốt gỗ hơn tốt nước sơn :D ), diện tích phòng tập thuộc loại lớn, rộng rãi nhưng giờ cao điểm thì hơi ngột ngạt vì khá đông hội viên.', '120k/tháng', 3, 1, 1, '2015-12-03', '2015-12-03'),
(37, 'CLB Nshape Fitness Nguyễn Chí Thanh', 'Tầng 5 tòa nhà Vườn Xuân, 71 Nguyễn Chí Thanh, Đống Đa, Hà Nội', 'CLBNshapeFitnessNguyenChiThanhTang5toanhaVuonXuan71NguyenChiThanhdongdaHaNoi', '0462660 495', NULL, 500, '', 'Toàn bộ trang thiết bị tại phòng Gym NShape đều là những trang thiết bị tân tiến nhập khẩu từ Mỹ và châu Âu. Có rất nhiều loại máy khác nhau để phục vụ cho mục đích tập luyện của từng hội viên. Giảm cân, tập thể hình, tăng cơ, hay duy trì sức khỏe và vóc dáng là điều những chiếc máy này có thể giúp bạn. Thời gian tập luyện của bạn để đạt tới mục đích mong muốn sẽ được rút ngắn đi 70% khi có sự hỗ trợ từ huấn luyện viên cá nhân giàu kinh nghiệm. Các huấn luyện viên giàu kinh nghiệm trong nước và nước ngoài sẽ xây dựng các bài tập gym cho nam và nữ, đặc biệt phù hợp nhất đối với nhu cầu và mục tiêu tập luyện của mỗi cá nhân. Không những vậy, họ sẽ tận tình và nghiêm khắc tập luyện cùng bạn để bạn không nản chí.', '4 triệu đồng/ tháng', 3, 1, 1, '2015-12-03', '2015-12-03'),
(38, 'CLB Goldem Gym - SVD Bách Khoa', 'SVD Bách Khoa, Hai Bà Trưng, Hà Nội', 'CLBGoldemGym-SVDBachKhoaSVDBachKhoaHaiBaTrungHaNoi', '0438 634 577', NULL, 300, '', 'CLB Golden GYM - SVĐ Bách Khoa Nhà Văn Hóa Hai Bà Trưng có đầy đủ máy móc, trang thiết bị dành riêng cho môn Thê Hình. Các khu vực tập luyện và dịch vụ được bố trí riêng biệt nhưng liền mạch giúp hội viên thuận tiện trong việc kết hợp bài tập và thoải mái di chuyển trong CLB. Mỗi CLB có khoảng 3-5 phòng chức năng với hàng trăm máy tập hiện đại để phục vụ hội viên. CLB có khu tập căng cơ (stretch) giúp cơ thể phòng tránh các chấn thương khi tập luyện, giảm đau cơ và tăng hiệu quả cho các bài tập trước đó. Các máy móc trong khu vực này chủ yếu hỗ trợ người tập giãn cơ, căng cơ, tập bụng, lưng, sườn… giúp tăng lượng cơ và đốt cháy mỡ.', '250k/tháng', 3, 1, 1, '2015-12-03', '2015-12-03'),
(39, 'CLB Texas', 'nhà A4 ký túc xá Thăng Long, 76 Duy Tân, Cầu Giấy, Hà Nội', 'CLBTexasnhaA4kytucxaThangLong76DuyTanCauGiayHaNoi', '0977 19 84 84', NULL, 300, '', 'Tập thể hình, gym & erobic với những bài tập thú vị sẽ giúp bạn đốt cháy mỡ thừa, giải phóng năng lượng, stress, tăng cường sức đề kháng, cho cơ thể dẻo dai, rắn chắc, hấp dẫn.\r\n- Miễn phí: Tắm nóng lạnh, Tủ đựng đồ, Khăn tắm, Nơi để xe.\r\n- CLB thể hình TEXAS Thăng Long có cơ sở vật chất rộng rãi, hệ thống máy móc hiện đại, chuyên biệt được nhập khẩu từ nước ngoài.\r\n- Huấn luyện viên đẳng cấp, chuyên nghiệp sẽ giúp bạn sở hữu thân hình thon gọn, rắn chắc không còn dấu hiệu của một cơ thể dư thừa lượng mỡ.', '350k/tháng', 3, 1, 1, '2015-12-03', '2015-12-03'),
(40, 'TTTD thẩm mỹ GYM - CURVES Kim Mã', 'Phòng 102 - tòa nhà DMC, 535 Kim Mã, Ba Đình, Hà Nội', 'TTTDthammyGYM-CURVESKimMaPhong102-toanhaDMC535KimMaBadinhHaNoi', '0965 629 762', NULL, 300, '', 'Được nghiên cứu và cải tiến qua 20 năm phát triển, Curves 30 phút thể dục là chương trình giảm cân và săn chắc cơ thể được thiết kế dành riêng cho phụ nữ đã được khoa học chứng nhận về độ hiệu quả. Bài tập của Curves rất vui, nhanh và an toàn.\r\nChúng ta vẫn thường quen với các phòng tập thể dục truyền thống với các lớp học, nhưng Curves hoàn toàn khác biệt, Curves chính là cuộc cách mạng về thể dục.', '500k/tháng', 3, 1, 1, '2015-12-03', '2015-12-03'),
(41, 'Sân Tennis Thịnh Hào', 'Số 60 Ngõ Thịnh Hào 1, Tôn Đức Thắng, Hà Nội', 'SanTennisThinhHaoSo60NgoThinhHao1TonducThangHaNoi', '0942237335', NULL, 300, '', 'Sân tennis Thịnh Hào được thiết kế và xây dựng theo tiêu chuẩn chất lượng cao, gồm 02 sân có vị trí tại trung tâm thành phố rất thuận lợi cho việc đi lại, chơi và tập luyện.\r\n\r\nSân được thiết kế với hệ thống chiếu sáng gồm 8 đèn Metal Halide 1000W/ sân, các sân đều được bao quanh bởi các nhà cao tầng nên rất kín gió và ít nắng. Ngoài ra, sân có hệ thống căng tin hiện đại: điều hòa, tivi,… phục vụ cho các bác giải trí, nghỉ ngơi, ăn uống. Phòng thay đồ, tủ gửi đồ và phòng tắm nóng lạnh riêng biệt tiện nghi, sạch sẽ. Đội ngũ nhặt bóng chuyên nghiệp, phục vụ nhiệt tình. Bãi gửi xe rộng rãi, ô tô ra vào thoải mái, an ninh đảm bảo.\r\n\r\nSân có máy bắn bóng Arrow phục vụ cho các nhu cập tập luyện cơ bản và nâng cao. Sân có quan hệ liên kết với đội ngũ các thày dạy thày dạy bóng với kinh nghiệm nhiều năm trong nghề và có tên tuổi tại Hà Nội.', '100k/1h', 4, 1, 1, '2015-12-03', '2015-12-03'),
(42, 'Sân Tennis CLB Mùa Xuân', '69 Trần Nhân Tông, Hai Bà Trưng, Hà Nội, Việt Nam', 'SanTennisCLBMuaXuan69TranNhanTongHaiBaTrungHaNoiVietNam', '04 3822 1750', NULL, 400, '', '', 'Từ: 6h đến 15h: 250k/2h,\r\nTừ: 15h đến 21h: 300k/2h', 4, 1, 1, '2015-12-03', '2015-12-03'),
(43, 'TTTT Trần Quốc Hoàn', '120, Trần Quốc Hoàn, Phường Quan Hoa, Quận Cầu Giấy, Hà Nội', 'TTTTTranQuocHoan120TranQuocHoanPhuongQuanHoaQuanCauGiayHaNoi', '0968427718', NULL, 400, '', '', '7h đến 16h: 200k, 16h đến 21h30: 300k', 4, 1, 1, '2015-12-03', '2015-12-03'),
(44, 'Sân Tennis Chiến Dương', 'Cổng phụ công viên Cầu Giấy, Trần Thái Tông, Dịch Vọng, Cầu Giấy, Hà Nội, Việt Nam', 'SanTennisChienDuongCongphucongvienCauGiayTranThaiTongDichVongCauGiayHaNoiVietNam', '090 498 33 23', NULL, 300, '', '', 'Từ 7h đên 17h : 200k/2h \r\nTừ 17h đến 21h: 400k/2h', 4, 1, 1, '2015-12-03', '2015-12-03'),
(45, 'Sân Tennis HTX Láng Hạ', '59 Láng Hạ.Đống Đa.Hà Nội', 'SanTennisHTXLangHa59LangHa.dongda.HaNoi', '04 37762085', NULL, 300, '', '', '7h đến 16h: 200k, 16h đến 21h30: 300k', 4, 1, 1, '2015-12-03', '2015-12-03'),
(46, 'demo', '120, Trần Quốc Hoàn, Phường Quan Hoa, Quận Cầu Giấy, Hà Nội', 'demo_120TranQuocHoanPhuongQuanHoaQuanCauGiayHaNoi', '345342423', NULL, 123, 'dae', 'demo not', 'daewr', 1, 2, 0, '2015-12-08', '2015-12-08'),
(1274, 'Sân Bóng Bách Việt', 'Lo D18, Nga tu Tran Thai Tong giao Thanh Thai, Cau Giay, Ha Noi', 'SanBongBachVietLoD18NgatuTranThaiTonggiaoThanhThaiCauGiayHaNoi', '0466849023', '', 0, ' Tất cả các trận đấu trước 16h00 ngày thứ 7\nCHỈ CÒN 100K/TRẬN', 'BachvietSport là hệ thống sân bóng cỏ nhân tạo tiêu chuẩn FIFA đẹp nhất Ha Noi. Hiện sân còn 1 số khung giờ vip trống giá ưu đãi mời anh em chơi bóng quan tâm liên hệ đặt sớm để có được sân chơi đẹp nhất, khung giờ ưng ý nhất.', '7h30 đến 16h: 100k ,,, từ 16h đến 22h : 300k', 5, 1, 1, '2015-12-14', '2015-12-14'),
(1275, 'Sân Bóng Sơn Trang 3', '386, Nguyen Xien, Thanh Xuan, Ha Noi', 'SanBongSonTrang3386NguyenXienThanhXuanHaNoi', '0982545202', '', 0, '', 'Sân bóng là cụm sân gồm 6 sân chất lượng mặt cỏ, diện tích, anh sáng trung bình. Nằm ngay trên mặt đường Nguyễn Xiển rất thuận tiện cho việc tìm sân.', '7h đến 16h: 300k .. 16h đến 22h : 500k', 5, 1, 1, '2015-12-14', '2015-12-14'),
(1276, 'Sân Bóng Tiến Đạt', '668, Nguyen Xien, Thanh Xuan, Ha Noi', 'SanBongTienDat668NguyenXienThanhXuanHaNoi', '0985902590', '', 0, '', '', '7h30 đến 16h 300k, 16h đến 22h :400k', 5, 1, 1, '2015-12-14', '2015-12-14'),
(1277, 'Sân Bóng Nhất Sơn', 'A7, Nam Trung Yên, Ha Noi', 'SanBongNhatSonA7NamTrungYenHaNoi', '0983299246', '', 0, '', 'Sân bóng nhất sơn gồm 2 sân mặt cỏ khá, diện tích khá, ánh sáng bình thường. Sân nằm trên đường Nguyễn Chánh. ', '7h đến 17h: 200k; 17h đến 22h : 350k', 5, 1, 1, '2015-12-14', '2015-12-14'),
(1278, 'Sân Bóng Thành Đồng', 'B9 LS2 Khu đô thị Nam Trung Yên, Trung Hoa, Cau Giay, Ha Noi', 'SanBongThanhDongB9LS2KhudothiNamTrungYenTrungHoaCauGiayHaNoi', '0945697597', '', 0, '', 'Sân bóng thành đồng là cụm sân bóng gồm 4 sân diện tích rộng, mặt cỏ rất đẹp và hệ thống chiếu sáng rất tốt. Vị trí như bản đồ phía dưới đi từ đường Mạc Thái Tông đi vào ', '7h30 đến 16h : 250k; 16h đến 21h : 350k', 5, 1, 1, '2015-12-14', '2015-12-14'),
(1279, 'Sân Bóng Bách Việt 2', '1  Nguyen Chanh ( Nga tu Nguyen Chanh, Vu Pham Ham keo dai) ', 'SanBongBachViet21NguyenChanhNgatuNguyenChanhVuPhamHamkeodai', '0466842507', '', 0, '', 'Hệ thống sân bãi đạt tiêu chuẩn\n• Sân cỏ nhân tạo mềm mại, màu xanh non mát mắt.\n• Hàng rào lưới chắn bóng tại sân được giảm chấn bằng dây cáp, giúp giảm độ nảy của bóng khi va chạm, đồng thời cũng tạo hàng rào an toàn cho cầu thủ.\n• Hệ thống chiếu sáng được thiết kê – thi công bởi đơn vị uy tín với nhiều năm kinh nghiệm. \n• Diện tích rộng rãi, đáp ứng tốt nhu cầu thuê sân để tổ chức các sự kiện: kỷ niệm, liên hoan văn hóa văn nghệ, hoạt động TDTT ngoài trời,.. đem lại hiệu quả cao cho các đơn vị đặt biển quảng cáo.\nDịch vụ chu đáo:\n• Hệ thống cung cấp đồ giải khát phong phú\n• Khu để xe: Bãi giữ xe rộng rãi và riêng biệt, được quản lý khoa học, đảm bảo có thể lưu trú 20 xe ô tô và trên 50 xe máy nên rất thích hợp làm một nơi tổ chức những giải bóng lớn.', '7h30 đến 16h: 100k ,,, từ 16h đến 22h : 300k', 5, 1, 1, '2015-12-14', '2015-12-14'),
(1280, 'Sân Bóng Ngọc Bảo', '125 , Trung Kinh, Cau Giay, Ha Noi', 'SanBongNgocBao125TrungKinhCauGiayHaNoi', '0435725273', '', 0, '', 'Sân gồm 5 sân có diện tích trung bình, ánh sáng trung bình, mặt sân trung bình. Sân nằm giữa đường Vũ Phạm Hàm như trên bản đồ ở ngay vị trí phở Lang Liêu ', '7h30 đến 15h30 300k.. 15h30 đến 21h30: 400k', 5, 1, 1, '2015-12-14', '2015-12-14'),
(1281, 'Sân Bóng An Khánh', '1, Hoang Minh Giam, Trung Hoa, Cau Giay, Ha Noi', 'SanBongAnKhanh1HoangMinhGiamTrungHoaCauGiayHaNoi', '0968861236', '', 0, '', 'oạ lạc tại vị trí đắc địa trung tâm khu các sân bóng Hà Nội, sân được làm mới từ mặt nền sân Sơn Trang 2 cũ. Hệ thống ánh sáng nhập khẩu Malaysia, đèn sáng mà không chói, 16 bóng 1 sân. Thêm vào đó quý khách tới với sân sẽ thấy sự phục vụ nhiệt tình chuyên nghiệp của đội ngũ nhân viên. Khách hàng đến sân từ ngày thành lập chưa bao giờ cháy đối tác, cộng thêm hệ thống bãi xe rộng rãi thoải mái, khu nhà chờ, phòng thay đồ được làm mới. ', 'Từ 7H Tới 17H:300k/1 trận\nSau 17H:350k/1 trận', 5, 1, 1, '2015-12-14', '2015-12-14'),
(1282, 'Sân Bóng Sơn Trang 2', '1,Hoang Minh Giam, Trung Hoa, Cau Giay, Ha Noi', 'SanBongSonTrang21HoangMinhGiamTrungHoaCauGiayHaNoi', '0988005066', '', 0, '', 'Sân bóng Sơn Trang 2  khá rộng và có không gian đẹp, có vị trí khá thuận lợi vì nằm ở gần những nút giao thông chính của Hà Nội.', '17h30-19 trông 1 sân giá 800k\n-khung giờ 20h30-22h còn sân giá 400k/1 trận ', 5, 1, 1, '2015-12-14', '2015-12-14'),
(1283, 'Sân Bóng Thái Sơn', '1, Hoang Minh Giam, Trung Hoa, Cau Giay, Ha Noi', 'SanBongThaiSon1HoangMinhGiamTrungHoaCauGiayHaNoi', '0963366212', '', 0, '', 'Sân bóng thái sơn mới được xây dựng năm 2015 với 2 sân bóng mặt cỏ tốt, ánh sáng khá và diện tích sân ở mức độ trung bình. Sân bóng nằm cùng đường vào với sân sơn trang ', '400k/1 trận (90 phút)', 5, 1, 1, '2015-12-14', '2015-12-14'),
(1284, 'Sân Bóng Thành Phát', '2, Hoang Minh Giam, Trung Hoa, Cau Giay, Ha Noi', 'SanBongThanhPhat2HoangMinhGiamTrungHoaCauGiayHaNoi', '0963478677-0912094468', '', 0, '', 'Sân bóng Thành Phát nằm trên đường Hoàng Minh Giám trung tâm của bóng đá\n phong trào Hà Nội. Sân bao gồm tổ hợp 11 sân bóng 7 người 1 sân bóng 11\n người được đầu tư làm mới 100%. \n Sân đã đi vào hoạt động 9 tháng \nchất lượng phục vụ ngày càng được cải thiện và nâng lên. Là nơi sinh \nhoạt của rất nhiều đội bóng phong trào Hà Nội Hiện tại sân đang trống 1 \nsố khung giờ thích hợp cho các giải bóng đá sân 7 như sáng chiều thứ 7 \nvà Chủ Nhật', '7h30 đến 16h : 350k,, 16h đến 22h:500k', 5, 1, 1, '2015-12-14', '2015-12-14'),
(1285, 'Sân Bóng Sơn Trang 5', '54, To Huu, Trung Van, Nam Tu Liem, Ha Noi', 'SanBongSonTrang554ToHuuTrungVanNamTuLiemHaNoi', '0988525909', '', 0, 'Khi bạn đặt sân vào khung giờ 17h30 -> 19h hay từ 19h ->20h30 các ngày thứ 7 và Chủ Nhật bất kỳ. Bạn sẽ nhận ngay 1 quả bóng HẢI PHÒNG 7* cùng với đó là giá sân ưu đãi chỉ còn 500k / 1 trận .', 'Sân gồm 3 sân nhỏ, chất lượng cỏ trung bình nằm trên đường Lương Thế Vinh cách đường Lê Văn Lương khoảng vài trăm mét. ', 'Từ 7->16h : 100k / 1h\n♥ Từ 16h->17h30 : 150k / 1 trận', 5, 1, 1, '2015-12-14', '2015-12-14'),
(1286, 'Sân Bóng Hải Đăng', '56, To Huu, Trung Van, Nam Tu Liem, Ha Noi', 'SanBongHaiDang56ToHuuTrungVanNamTuLiemHaNoi', '012239021815', '', 0, '', 'Sân bóng hải đăng nằm trên mặt đường 218 Trần Duy Hưng cạnh tòa nhà trung tâm Mobi Phone. Với khu để xe và chỗ ngồi đường biên khá tốt, mặt sân, diện tích, hệ thống chiếu sáng tốt', 'Sân cũ: 400k, Sân Mới:600k', 5, 1, 1, '2015-12-14', '2015-12-14'),
(1287, 'Sân Bóng Lê Văn Lương', '58, To Huu, Trung Van, Nam Tu Liem, Ha Noi', 'SanBongLeVanLuong58ToHuuTrungVanNamTuLiemHaNoi', '0986805555', '', 0, '', 'Nằm tại 58 Tố Hữu, Quận Thanh Xuan, Ha Noi  được nhiều người biết đến với diện tích sân rộng, cỏ mềm, sân đẹp và chất lượng ánh sáng tốt.Sân bóng Lê Văn Lương là địa điểm rất quen thuộc với giới văn phòng, mọi người thường thuê sân để đá bóng hàng ngày và tổ chức cái giải đầu giao lưu giữa các doanh nghiệp, tổ chức với nhau.  ', '7h đến 17h: 200k; 17h đến 22h : 300k', 5, 1, 1, '2015-12-14', '2015-12-14'),
(1288, 'Sân Bóng Nguyễn Xiển', 'Ham H15, Nguyen Xien, Thanh Xuan, Ha Noi', 'SanBongNguyenXienHamH15NguyenXienThanhXuanHaNoi', '01696621154', '', 0, '', '', '7h30 đến 16h : 250k; 16h đến 21h : 350k', 5, 1, 1, '2015-12-14', '2015-12-14'),
(1289, 'Sân Bóng Trung Kính Hạ', 'Trung tâm thể thao, Nguyen Chanh, Cau Giay, Ha Noi', 'SanBongTrungKinhHaTrungtamthethaoNguyenChanhCauGiayHaNoi', '0915144060', '', 0, '', 'Sân năm trong trung tâm thể thao khuôn viên khép kín, chỉ có 1 sân diện tích trung bình hệ thống chiếu sáng tốt, sân gần trường tiểu học trung yên', '200k/90 phút', 5, 1, 1, '2015-12-14', '2015-12-14'),
(1290, 'Sân Bóng Hacinco', '190, Làng sinh viên Hacinco, Nguyen Tuan, Thanh Xuan, Ha Noi', 'SanBongHacinco190LangsinhvienHacincoNguyenTuanThanhXuanHaNoi', '0435574074', '', 0, '', 'Sân bóng làng sinh viên Hacinco gồm 3 sân với diện tích, mặt cỏ, cùng với hệ thống chiếu sáng khá tốt. Sân nằm ngay ngoài mặt đường Nguyễn Tuân rất thuận tiện cho việc đi lại và thuê sân\nsân chơi lý tưởng cho các bạn sinh viên, nơi tổ chức các hoạt động thường niên của công ty như Căn hộ sinh viên văn hoá Hacinco, các giải bóng đá Hacinco mở rộng...thu hút rất đông các cầu thủ nghiệp dư đến tham dự.', '7h đến 16h: 300k .. 16h đến 22h : 500k', 5, 1, 1, '2015-12-14', '2015-12-14'),
(1291, 'Sân Bóng Đông Đô', 'Lô 23 Tran Thai Tong, Cau Giay, Ha Noi', 'SanBongDongDoLo23TranThaiTongCauGiayHaNoi', '0986676116', '', 0, '', 'Sân bóng cỏ nhân tạo Đông Đô địa chỉ tại đường Nguyễn Phong Sắc kéo dài đối diện cung Trí Thức gần sân Gold công viên Yên Hòa. Sân gồm 4 sân cỏ mặt cỏ và hệ thống chiếu sáng rất tốt ', '7h30 đến 15h30 300k.. 15h30 đến 21h30: 400k', 5, 1, 1, '2015-12-14', '2015-12-14'),
(1292, 'Sân Bóng Trường An', 'Lô D22, Dich Vong, Cau Giay, Ha Noi', 'SanBongTruongAnLoD22DichVongCauGiayHaNoi', '0976382128', '', 0, '', 'Sân bóng cỏ nhân tạo Trường An là cụm sân bóng nằm đối diện công viên cầu giấy với liên hiệp 4 sân bóng. Chất lượng sân bóng thuộc tầm trung bình, diện tích hơi nhỏ. ', '7h30 đến 16h: 100k ,,, từ 16h đến 22h : 300k', 5, 1, 1, '2015-12-14', '2015-12-14'),
(1293, 'Sân Bóng 69 Hoàng Cầu', '69, Hoang Cau, O Cho Dua, Dong Da, Ha Noi', 'SanBong69HoangCau69HoangCauOChoDuaDongDaHaNoi', '0925696668', '', 0, '', 'Sân bóng hoàng cầu gồm 2 sân bóng với mặt cỏ diện tích và ánh sáng trung bình. Sân nằm ngay mặt đường hoàng cầu. Cách ngã tư hoàng cầu Thái Hà khoảng 30m', '7h đến 17h: 200k; 17h đến 22h : 350k', 5, 1, 1, '2015-12-14', '2015-12-14'),
(1294, 'Sân Bóng 168 Khuất Duy Tiến', '168, Khuat Duy Tien, Thanh Xuan, Ha Noi', 'SanBong168KhuatDuyTien168KhuatDuyTienThanhXuanHaNoi', '0983142899', '', 0, '', 'Sân bóng 168 là cụm sân gồm 2 sân với diện tích, mặt cỏ và hệ thống chiếu sáng tốt. Nằm trong khuôn viên kín đáo nên khi thi đấu hoàn toàn yên tâm là bóng không bị bay lung tung', '7h30 đến 15h30 300k.. 15h30 đến 21h30: 400k', 5, 1, 1, '2015-12-14', '2015-12-14'),
(1295, 'Sân Bóng Bằng B', 'Bằng B, Hoang Liet, Hoang Mai, Ha Noi', 'SanBongBangBBangBHoangLietHoangMaiHaNoi', '01234682668', '', 0, '', 'Số lượng sân và kích thước: Sân bóng đá Bằng B Hoàng Liệt bao gồm 2 sân 7 với kích thước rộng tiêu chuẩn 35m x 60m ghép thành sân lớn với tổng diện tích 4200 m2\nGiá thuê trung bình 1 sân 7 vào giờ Vàng sau 17h hàng ngày là 350.000 VND/90 phút. Với Khung giờ ban ngày, giá thuê mềm hơn với chỉ 300.000 VND/90 Phút. Trường hợp khách hàng thuê để đá giải, tuỳ số lượng trận sẽ có những ưu đãi giảm giá riêng\nSân bóng đá Bằng B Hoàng Liệt với chất lượng cỏ tiêu chuẩn, hệ thống thoát nước tốt. Mặt sân phẳng, tuy nhiên, do quá trình sử dụng, hiện tại vẫn có những chỗ hơi lồi lõm làm giảm khả năng phán đoán bóng bật nảy trong quá trình đá. Theo thông tin mới nhất, sân được bắt đầu cải tạo, làm mới để phục vụ người chơi được tốt hơn. Đây là một tin vui với đại đa số anh em đã gắn bó với sân Bằng B. Hy vọng, không chỉ giá rẻ, sân Bằng B còn là sân cỏ chất lượng và dịch vụ tốt\nSân bóng đá Bằng B được đầu tư hệ thống ánh sáng với 10 bóng đèn/sân, đảm bảo ánh sáng  khi chơi vào buổi tối. Tuy nhiên, theo đánh giá của chúng tôi và tham khảo ý kiến người chơi, sân Bằng B sẽ rất tuyệt với với hệ thống từ 12-14 bóng do diện tích sân khá rộng so với diện tích mặt bằng sân cỏ nhân tạo chung tại Hà Nội\nNgoài ra, sân bóng đá Bằng B cũng được đầu tư khán đài quy mô nhỏ đặt giữa 2 sân. Cách thức bố trí như thế này rất phù hợp với đơn vị nào muốn tổ chức giải bóng đá quy mô công ty, đơn vị hành chính sự nghiệp nhà nước.', 'Từ 7H Tới 17H:300k/1 trận\nSau 17H:350k/1 trận', 5, 1, 1, '2015-12-14', '2015-12-14'),
(1296, 'Sân Bóng Mirolin', ' Khu LH thể thao quốc gia, Le Duc Tho, Tu Liem, Ha Noi ', 'SanBongMirolinKhuLHthethaoquocgiaLeDucThoTuLiemHaNoi', '0166303585801679891673', '', 0, '', 'Sân bóng cỏ nhân tạo Mirolin - Mỹ Đình, Hà Nội là cụm sân bóng đá gồm có 11 sân được đầu tư xây dựng năm 2012 với cơ sở hạ tầng cũng như dịch vụ trong sân bóng đạt chất lượng cao. Nhiều cầu thủ chuyên nghiệp và nghiệp dư đã tham gia luyện tập và thi đấu môn thể thao vua tại cụm sân bóng chất lượng này.', '7h30 đến 16h : 350k,, 16h đến 22h:500k', 5, 1, 1, '2015-12-14', '2015-12-14'),
(1297, 'Sân Bóng Ngoại Thương', 'Ngõ 157 Chua Lang, Dong Da, Ha Noi', 'SanBongNgoaiThuongNgo157ChuaLangDongDaHaNoi', '01643178888', '', 0, '', 'Sân bóng gồm 2 sân diện tích hơi nhỏ một chút, mặt cỏ và hệ thống chiếu sáng trung bình. Sân nằm sâu trong ngõ đối diện với sân bóng 112 chùa láng ', '7h30 đến 15h30 300k.. 15h30 đến 21h30: 400k', 5, 1, 1, '2015-12-14', '2015-12-14'),
(1298, 'Sân Bóng Nhân Chính', '186, Khuat Duy Tien, Thanh Xuan, Ha Noi', 'SanBongNhanChinh186KhuatDuyTienThanhXuanHaNoi', '0915678968', '', 0, 'Giảm 50% tiền sân trận đầu tiên cho anh em đá thử sân.Giảm giá cho các hợp đồng lâu dài,Ưu đãi sinh viên : ngày thường từ thứ 2 đến thứ 6: 7g30 - 15h30 : giá 50k/ giờ.', 'SÂN BÓNG ĐÁ NHÂN CHÍNH:\n- Hệ thống 8 sân 7 người - 2 sân 11 người\n- Sân cỏ nhân tạo tiêu chuẩn FIFA\n- Mở lớp dạy bóng đá thanh thiếu niên\n- Tổ chức các giải đấu', '7h đến 16h 150k, sau 17h 250k', 5, 1, 1, '2015-12-14', '2015-12-14'),
(1299, 'Sân Bóng Phúc Anh', 'Nguyen Phong Sac keo dai, Cau Giay, Ha Noi', 'SanBongPhucAnhNguyenPhongSackeodaiCauGiayHaNoi', '0983775032', '', 0, '', 'Sân bóng cỏ nhân tạo Phúc Anh địa chỉ tại Nguyễn Phong Sắc kéo dài (đằng sau sân PVV cạnh khu để xe oto và quán bia), Cầu Giấy, Hà Nội. ', '7h - 17h chỉ từ 200-350k/1 trận, thứ 7 và chủ nhật giờ vàng còn 550k.', 5, 1, 1, '2015-12-14', '2015-12-14'),
(1300, 'Sân Bóng SABODA', '8, Vo Quy Han, Cau Giay, Ha Noi', 'SanBongSABODA8VoQuyHanCauGiayHaNoi', '01689360274', '', 0, '', 'Sân với hệ thống 5 sân diện tích trung bình khá, ánh sáng tốt, có lưới bao quanh sân mặt đường tiện cho việc đi lại, sân ngay bên cạnh nghĩa trang mai dịch. ', '', 5, 1, 1, '2015-12-14', '2015-12-14'),
(1301, 'Sân Bóng TCFC', '1, Le Quang Dao, Tu Liem, Ha Noi ', 'SanBongTCFC1LeQuangDaoTuLiemHaNoi', '01677802985', '', 0, '', 'Là Sân Bóng tiêu chuẩn dành cho 7 người với đội ngũ trọng tài chuyên nghiệp thuộc Liên Đoàn Bóng Đá Hà Nội. Có đầy đủ điều kiện cơ sở vật chất để tổ chức các Giải Bóng Đá cho các  công ty.', 'Từ thứ 2 tới thứ 6: \n\nTừ 06:00 - 16:00: 200.000đ/h\n\nTừ 16:00 - 17:30: 300.000đ/h\n\nTừ 17:30 - 19:00: 500.000đ/h\n\nTừ 20:30 - 21:30: 300.000đ/h\n\nThứ 7, cn và ngày lễ: \n\nTừ 06:00  -  16:00: 300.000đ/h\n\nTừ 16:00  -  17:30: 400.000đ/h\n\nTừ 17:30  - 19:00: 500.000đ/h\n\nTừ 20:30  - 21:30: 300.000đ/h', 5, 1, 1, '2015-12-14', '2015-12-14'),
(1302, 'Sân Bóng Top Group', 'Ngã ba Le Van Luong và Khuat Duy Tien, Thanh Xuan Ha Noi.', 'SanBongTopGroupNgabaLeVanLuongvaKhuatDuyTienThanhXuanHaNoi', '01256891616', '', 0, '', 'Sân bóng đá cỏ nhân tạo Top Group, Ngã Ba Lê Văn lương Khuất Duy Tiến Thanh Xuân Hà Nội. ', '600.000VNĐ/1 trận', 5, 1, 1, '2015-12-14', '2015-12-14'),
(1303, 'Sân Bóng VIMECO', '2, Vu Pham Ham, Nam Trung Yen, Ha Noi', 'SanBongVIMECO2VuPhamHamNamTrungYenHaNoi', '0963791628', '', 0, '', 'Sân bóng Vimeco gồm 2 sân bóng có diện tích mặt cỏ và hệ thống chiếu sáng khá. Sân bóng có khuân viên khá kín nên đôi khi các đội bóng đến sân lần đầu không biết lối vào. Sân nằm ngay tại vòng xuyến đường Vũ phạm hàm, đổi diện cổng trung tâm hội nghị quốc gia trên đường phạm hùng.', '7h đến 16h : 200k .. sau 16h 350k', 5, 1, 1, '2015-12-14', '2015-12-14'),
(1304, 'Sân Bóng Xuân Đỉnh', '3, Xuan Dinh, Tu Liem, Ha Noi\n', 'SanBongXuanDinh3XuanDinhTuLiemHaNoi', '0904055556', '', 0, '', '', '50k/1h', 5, 1, 1, '2015-12-14', '2015-12-14'),
(1305, 'Bể Bơi Bốn mùa Định Công', 'Khu đô thị Định Công,Dinh Cong, Hoang Mai, Ha Noi', 'BeBoiBonmuaDinhCongKhudothiDinhCongDinhCongHoangMaiHaNoi', '0973655050', '', 0, '', 'Là một bể bơi nước nóng mới thuộc khi đô thị Định Công được đầu tư bởi HUD, đây là bể bơi mới được trang bị hiện đại. Bể bơi Định Công đạt tiêu chuẩn quốc tế với hệ thống điều hòa quanh bể.\n\nDo là bể bơi mới nên lượng người đến đây khá ít, nên nếu bạn ngại đến các bể bơi chật kín người, đây sẽ là địa điểm lý tưởng.\n\nBể bơi này có bể bơi nhỏ cho các em bé bơi, nên cũng hợp lý cho cả gia đình đi cùng con nhỏ.', 'Giá vé: 80.000đ/người lớn, 60.000đ/trẻ em dưới 1,2 m', 2, 1, 1, '2015-12-14', '2015-12-14'),
(1306, 'Bể Bơi CLB M', ' Số 1, ngõ 163, phố Hoang Ngan, Trung Hoa, Quận Cau Giay', 'BeBoiCLBMSo1ngo163phoHoangNganTrungHoaQuanCauGiay', '0435553939', '', 0, '', 'Club M sở hữu một bể bơi thông minh, hiện đại đáp ứng tối đa nhu cầu bơi và luyện tập dưới nước của khách hàng và hội viên dựa trên một tiêu chuẩn cao cấp không chỉ trong những tháng ngày hè nóng nực mà cả trong mùa đông lạnh giá với chiều dài bể 25m, chiều rộng 16m, độ sâu từ 1.2m đến 1.65m.Bể được trang bị hệ thống lọc nước mặt và lọc nước đáy hiện đại, đảm bảo được độ trong suốt cùng những chỉ số quan trọng khác của nước theo tiêu chuẩn quốc tế. Hệ thống gia nhiệt tự động luôn đảm bảo nước được giữ ở nhiệt độ từ 28 đến 30 độ C. Ngoài ra, đây là bể bơi duy nhất tại Việt Nam tính đến thời điểm này sở hữu hệ thống loa dưới nước hiện đại của Mỹ, khách hàng sẽ được tận hưởng cảm giác thoải mái và sảng khoái tới mức tối đa khi tham gia các hoạt động tại bể bơi tại Club M. \n', '250k', 2, 1, 1, '2015-12-14', '2015-12-14'),
(1307, 'Bể Bơi Đặng Tiến Đông', '14, Dang Tien Dong, Trung Liet, Quận Dong Da, Ha Noi', 'BeBoiDangTienDong14DangTienDongTrungLietQuanDongDaHaNoi', '0435376285', '', 0, '', 'Bể bơi trong nhà, khá thoáng và sạch sẽ. Bể có hệ thống lọc nước tuần hoàn và liên tục 2 tiếng/lần. Khu vực tắm tráng sạch sẽ, lịch sự và nước phun mạnh. Chỉ được mang nước suối vào bể để đảm bảo vệ sinh chung.Có bể bơi phụ dành riêng cho trẻ em. Các đường biên quanh bể đều có bậc đỡ nên thuận tiện cho việc dừng nghỉ xung quang, kể cả ở độ sâu 1,9 m.\n\nGiờ mở cửa: Từ 5 - 21 giờ hàng ngày, kể cả ngày lễ và thứ Bảy, Chủ nhật.', '60k ng lớn và 45k trẻ em', 2, 1, 1, '2015-12-14', '2015-12-14'),
(1308, 'Bể Bơi Ha Noi Amsterdam', 'Trường Amsterdam , Hoang Minh Giam, Cau Giay, Ha Noi, Việt Nam', 'BeBoiHaNoiAmsterdamTruongAmsterdamHoangMinhGiamCauGiayHaNoiVietNam', '0978413386', '', 0, '', 'Chiều dài bể khoảng 20 tới 25m; chiều rộng khoảng 15m. Bể khá đông người.', ' NL 55-60k\nTE 35-40\nVé tháng NL 1300k\nTE 800 có gtrị trong 45ngày', 2, 1, 1, '2015-12-14', '2015-12-14'),
(1309, 'Bể Bơi Hapulico', '85, Vu Trong Phung, Thanh Xuan, Ha Noi, Việt Nam', 'BeBoiHapulico85VuTrongPhungThanhXuanHaNoiVietNam', '0473061686', '', 0, '', 'Bể bơi Hapu Swimming Pool nằm ngay dưới tầng hầm của tòa nhà cao cấp hoành tráng Hapulico Complex trên đường Vũ Trọng Phụng và nơi đây đang là điểm đến lý tưởng thu hút nhiều bạn trẻ tại Hà Nội.Bể bơi Hapu Swimming Pool được thiết kế theo phong cách hiện đại, trẻ trung, với diện tích lên đến 50mx20m. Hapu Swimming Pool là bể bơi nước mặn trong nhà, 4 mùa đều sử dụng công nghệ lọc nước bằng điện muối hiện đại, không sử dụng hóa chất nên tuyệt đối an toàn với sức khỏe của bạn.', '120k ng lớn và 100k trẻ em', 2, 1, 1, '2015-12-14', '2015-12-14'),
(1310, 'Bể Bơi Khách sạn Bảo Sơn', ' 50 Nguyen Chi Thanh – Ha Noi', 'BeBoiKhachsanBaoSon50NguyenChiThanhHaNoi', '0979121097', '', 0, '', 'Bể bơi nằm trong khuôn viên của khách sạn Bảo Sơn, có bể ngoài trời dành cho mùa hè và bể nước nóng dành cho mùa đông. Bể có không gian thoáng, chất lượng nước và phục vụ tốt. Bể có bể dành cho trẻ em và dịch vụ ăn uống phục vụ tận nơi.', 'Thứ 2-6: Trẻ em 90k\nNgười lớn 110k\nThứ 7: Trẻ em 100k\nNgười lớn 120k\nVé tháng: Trẻ em 1.500k\nNgười lớn 2.000k', 2, 1, 1, '2015-12-14', '2015-12-14'),
(1311, 'Bể Bơi Khách Sạn Kim Liên', 'Số 5 - 7, Dao Duy Anh, Phuong Mai, Dong Da, Ha Noi, Việt Nam', 'BeBoiKhachSanKimLienSo5-7DaoDuyAnhPhuongMaiDongDaHaNoiVietNam', '0438524920', '', 0, '', 'Nằm trong khuôn viên khách sạn Kim Liên với diện tích 50x25m\n\nBể bơi với không gian thoáng mát, trang thiết bị hiện đại\n\nPhù hợp với mọi lứa tuổi', 'Trẻ em 30.000đ một lượt\nNgười lớn 40.000đ một lượt \nVé tháng 800.0000đ/tháng đối với trẻ em, 1000.000đ/tháng đối với người lớn.', 2, 1, 1, '2015-12-14', '2015-12-14'),
(1312, 'Bể Bơi Linh Đàm', 'Nguyen Huu Tho ( Khu Bac Linh Dam), Hoang Mai, Ha Noi', 'BeBoiLinhDamNguyenHuuThoKhuBacLinhDamHoangMaiHaNoi', '0439915668', '', 0, '', 'Bể bơi nhỏ, chỗ sâu nhất là 1.6m, hợp cho nhi đồng và thiếu niên. Mới sáng mà bể bơi đã khá đông, dưới bể là các em, trên bờ là các ông bố bà mẹ. Thời buổi, dắt tay chỉ việc, muốn con biết bơi, bố mẹ cũng phải "bơi" theo.', 'Giá vé 30K/ người lớn (> 1m4). 20K trẻ em (< 1m4)\nVé tháng 700K/ 30 buổi', 2, 1, 1, '2015-12-14', '2015-12-14'),
(1313, 'Bể Bơi Nhà văn hóa Thanh Xuan ', 'Le Van Luong, Nhan Chinh, Thanh Xuan, Ha Noi, Việt Nam', 'BeBoiNhavanhoaThanhXuanLeVanLuongNhanChinhThanhXuanHaNoiVietNam', '0435544195', '', 0, '', 'Bể bơi có không gian rộng rãi, thoáng mát, hệ thống thoát nước hiện đại.\n\nDịch vụ của bể chuyên nghiệp, chu đáo, tin cậy.\n\nGiá vé bình dân, phải chăng, phù hợp với học sinh, sinh viên. Nhân viên cứu hộ chuyên nghiệp, nhanh nhẹn.\n\n\nNguồn: http://beauty.foody.vn/ha-noi/be-boi-nha-van-hoa-quan-thanh-xuan-le-van-luong', '30k/1 buổi', 2, 1, 1, '2015-12-14', '2015-12-14'),
(1314, 'Bể Bơi Thái Hà', 'Lê Văn Lương, Nhân Chính, Thanh Xuan, Ha Noi, Việt Nam', 'BeBoiThaiHaLeVanLuongNhanChinhThanhXuanHaNoiVietNam', '038572726', '', 0, '', 'Bể bơi Thái Hà rộng rãi, thoáng mát, dài 50m, độ sâu 30cm – 1,8m, nước trong xanh, nếu bạn là người mới tập bơi thì thời gian tốt nhất cho bạn tập luyện là ca bơi lúc 18h – 19h tối vì lượng người lúc này vắng hơn các ca bơi ban ngày, bạn sẽ có nhiều không gian để luyện tập và thư giãn.', '30k/ 1 buổi', 2, 1, 1, '2015-12-14', '2015-12-14'),
(1315, 'Bể Bơi Thành Công', '5, Thai Ha, Trung Liet, Dong Da, Ha Noi', 'BeBoiThanhCong5ThaiHaTrungLietDongDaHaNoi', 'Khong', '', 0, '', 'Bể bơi thành công là bể bơi trong khu Thành công, nằm trong khuôn viên của công viên Gandhi (hồ thành công). Bể mở cửa từ 5h30 tới 7h sáng và từ 15h00 tới 19h00 chiều.', 'Giá vé: 35.000 đ', 2, 1, 1, '2015-12-14', '2015-12-14'),
(1316, 'Bể Bơi Thanh thiếu nhi', '3, Nguyen Quy Duc, Thanh Xuan, Ha Noi', 'BeBoiThanhthieunhi3NguyenQuyDucThanhXuanHaNoi', '0435544195', '', 0, '', 'Với diện tích 50x21 mét bể bơi người lớn đạt tiêu chuẩn dành cho thi đấu với chất lượng cao, bể bơi sử dụng công nghệ lọc nước hiện đại của Tây Ban Nha cùng với hệ thống khử trùng bằng OZON công suất lớn, không xử dụng các hóa chất độc hại nhằm nâng cao chất lượng nước và vệ sinh an toàn cho người bơi.Bể bơi dành cho thiếu nhi cũng được đầu tư nâng cấp sửa chữa hệ thống lọc nước, chiếu sáng hiện đại, cảnh quan được mở rộng, thái độ và phong cách phục vụ được cải thiện văn minh, lịch sự.', 'Người lớn 45k, trẻ em 30k', 2, 1, 1, '2015-12-14', '2015-12-14'),
(1317, 'Bể Bơi Cung thể thao dưới nước Mỹ Đình', 'Khu liên hợp thể thao quốc gia, My Dinh, Quận Nam Tu Liem, Ha Noi', 'BeBoiCungthethaoduoinuocMyDinhKhulienhopthethaoquocgiaMyDinhQuanNamTuLiemHaNoi', '0912091256', '', 0, '', 'Cung thể thao dưới nước nằm trong khu liên hợp thể thao quốc gia trên Đường Lê Đức Thọ . Cung thể thao dưới nước có bốn bể bơi (2 bể trong nhà và 2 bể ngoài trời) được trang bị cơ sở vật chất hiện đại, đạt tiêu chuẩn Châu Âu, không gian thoáng đãng,Cũng là nơi tổ chức các cuộc thi thể thao dưới nước .\n\nKhách đến bơi và tập bơi tại đây sẽ được các huấn luận viên, nhân viên cứu hộ có trình độ quốc gia trực tiếp quản lý, hướng dẫn nhiệt tình, chỉ sau một thời gian ngắn học viên đã bơi được dễ dàng, kết thúc khóa học tất cả học viên đều có thể bơi một cách thuần thục.\n\nHàng năm,Cung Thể thao dưới nước tổ chúc các khóa học dạy bơi đã thu hút hàng nghìn trẻ em tới học bơi, vui chơi giải trí lành mạnh, rèn luyện sức khỏe.', 'Người lớn 55k, trẻ em 40k', 2, 1, 1, '2015-12-14', '2015-12-14'),
(1318, 'Bể Bơi Khách sạn Mường Thanh Xa La', ' 66, Phuc La, Van Phu, Ha Dong , TP Ha Noi', 'BeBoiKhachsanMuongThanhXaLa66PhucLaVanPhuHaDongTPHaNoi', '0433115555', '', 0, '', 'Với khuôn viên hơn 1000 mét vuông, bể bơi khách sạn Mường Thanh Xa La đã vinh dự đạt kỷ lục "Khách sạn có bể bơi lớn nhất" của tập đoàn khách sạn Mường Thanh năm 2013.\nQua 4 năm không ngừng thay đổi để hoàn thiện các nhu cầu của khách hàng. Bể bơi Khách sạn Mường Thanh Xa La đã là một trong những điểm lựa chọn giải trí, thư giãn trong những ngày hè hay sau những giờ làm việc mệt mỏi. Các khóa học bơi được tổ chức tại đây cũng đã nhận được sự đánh giá cao của các học viên. ', 'người lớn 50k, trẻ em 30k, vé tháng người lớn 1000k, trẻ em 600k.', 2, 1, 1, '2015-12-14', '2015-12-14'),
(1319, 'Bể Bơi Rainbow', 'Tầng 6 Tòa Nhà Rainbow Van Quan, Phuong Van Quan, Ha Dong, Ha Noi', 'BeBoiRainbowTang6ToaNhaRainbowVanQuanPhuongVanQuanHaDongHaNoi', '0433120118', '', 0, '', 'Bể bơi nước nóng Health club Rainbow Văn Quán sở hữu một bể bơi thông minh, hiện đại đáp ứng tối đa nhu cầu bơi và luyện tập dưới nước của khách hàng.', '120k/ng lớn, 80k/trẻ em. Có xông hơi kèm theo. Thẻ tháng người lớn là 2 triệu/ tháng, trẻ em là 1,6 triệu/ tháng.', 2, 1, 1, '2015-12-14', '2015-12-14'),
(1320, 'Bể Bơi Sao Mai', '98 , Quang An, Tay Ho, Ha Noi', 'BeBoiSaoMai98QuangAnTayHoHaNoi', '0932366844', '', 0, '', 'Bể Sao Mai hút khách bởi hệ thống lọc nước tuần hoàn theo tiêu chuẩn Tây Ban Nha, chính vì vậy mọi người có vẻ yên tâm với chất lượng tại đây và tới rất đông. Bể khá đẹp và điểm khiến teen mình thích "mê tơi" chính là đài phun nước mini hình chiếc nấm rất cool nằm ngay giữa bể nhé.', 'người lớn: 80k trẻ em 50k', 2, 1, 1, '2015-12-14', '2015-12-14'),
(1321, 'Bể Bơi Khách Sạn Thắng Lợi', '200, Yen Phu,Tay Ho, Ha Noi', 'BeBoiKhachSanThangLoi200YenPhuTayHoHaNoi', '0438293800', '', 0, '', 'Nếu như bể bơi trung tâm phát triển phụ nữ có thể nhìn cảnh Hồ Tây từ trên cao thì tại đây, chúng mình có thể ngắm Hồ Tây ngay bên cạnh nhé. Nằm trong khuôn viên khách sạn Thắng Lợi, lại là bể bơi ngoài trời nên khách thường rất thích thú với view đẹp, không khí trong lành, nước trong và sạch nữa.\n\nTuy nhiên có một điều bất tiện là ở đây không có bể dành cho trẻ em như những chỗ khác. Khách đến đây có khá nhiều người nước ngoài do sự tiện nghi của bể. Ghế nghỉ đẹp, phục vụ đồ ăn và đồ uống đầy đủ, và cũng là địa điểm tốt để teen pose ảnh đấy.', ' 50.000 VND/ lượt đối với người lớn; 30.000 VND/ lượt đối với trẻ em dưới 1,2m', 2, 1, 1, '2015-12-14', '2015-12-14'),
(1322, 'Bể Bơi Phạm Ngũ Lão', '33, Pham Ngu Lao, Phan Chu Trinh, Hoàn Kiếm, Ha Noi, Việt Nam', 'BeBoiPhamNguLao33PhamNguLaoPhanChuTrinhHoanKiemHaNoiVietNam', '0979121097', '', 0, '', 'View đẹp, thoáng vì là bể ngoài trời. Có ghế nghỉ đẹp, rất thích hợp để teen pose ảnh. Bể nằm trong khuôn viên của nhà khách Bộ quốc phòng nên không có chuyện khách ra vào lộn nhộn. Phòng chờ vừa mát (có máy lạnh), vừa đẹp và lịch sự. Các cô lễ tân rất dễ chịu. Phòng thay đồ tiện nghi, sạch sẽ.\n Bể lọc tuần hoàn, thay nước liên tục. Độ sâu từ 1,1m đến 2,4m. Chiều dài bể 20m. Có bể nông cho trẻ em + ván trượt. Có khăn tắm. Đồ ăn uống phong phú với các món từ ăn nhanh như khoai tây, khoai lang chiên, ngô chiên, sandwich, bánh mỳ... (giá từ 15-30k) cho đến sườn nướng, gà quay... (giá từ 50k trở lên).', '70k/người lớn, 40k/trẻ em', 2, 1, 1, '2015-12-14', '2015-12-14'),
(1323, 'Bể Bơi Bốn mùa Trương ĐỊnh', '493, Truong Dinh,Hoang Mai, Ha Noi', 'BeBoiBonmuaTruongDInh493TruongDinhHoangMaiHaNoi', '0436612950', '', 0, '', 'Là một trong những bể bơi trong nhà đẹp nhất tại Ha Noi, có không gian rộng và thoáng và view đẹp. có hệ thống lọc nước tuần hoàn liên tục theo tiêu chuẩn quốc tế. Nước rất sạch sẽ vì lượng người vào bể bơi không quá đông như những  bể trong nhà khác. Dịch vụ ăn, uống trong bể phục vụ tốt, bể hơi nông, chỗ nông nhất là 1m, sâu nhất là 1,7 m. Không có bể phụ  dành cho trẻ em.', 'Người lớn 50k/lượt\n\nTrẻ em: 30k/lượt.\n\nVé tháng: 1.000.000/tháng', 2, 1, 1, '2015-12-14', '2015-12-14'),
(1324, 'Bể Bơi Bốn mùa Trần Hưng Đạo', ' 4 Tran Hung Dao, Hoan Kiem, Ha Noi', 'BeBoiBonmuaTranHungDao4TranHungDaoHoanKiemHaNoi', '0439331049', '', 0, '', 'Bể bơi trong nhà, hệ thống nước tự động lọc theo tiêu chuẩn châu Âu, sạch sẽ. Có bể phụ dành cho trẻ em. Bể có chiều dài 25m, chiều rộng 12m. Tuy nhiên, bể không được thoáng do xung quanh có quá nhiều cửa kính.\n\nCó bể phụ cho trẻ em. Có nhiều dịch vụ thể thao khác như bơi lội kết hợp tập luyện, phòng tập trên tầng 2 đầy đủ thiết bị hiện đại. Không đông lắm nên không sợ bị chen chúc dưới bể.\n\nĐây là bể bơi trong nhà nên không khí khá ngột ngạt (do hơi nước bốc lên mà), không có view đẹp. Chỉ được mang lavie vào vì sợ dây bẩn ra bể. Đồ ăn không có.', 'Người lớn là 60k/lượt, trẻ em 45k/lượt.1.200.000đ/tháng, giá trị sử dụng trong vòng 60 ngày.', 2, 1, 1, '2015-12-14', '2015-12-14'),
(1325, 'Bể Bơi Công Viên Tuổi Trẻ', 'Vo Thi Sau, Thanh Nhan, Hai Ba Trung, Ha Noi, Việt Nam', 'BeBoiCongVienTuoiTreVoThiSauThanhNhanHaiBaTrungHaNoiVietNam', '0936811732', '', 0, '', 'Bể bơi ngoài trời, rộng rãi, thoáng mát\n\nNhân viên phục vụ chu đáo.\n\nPhù hợp với nhiều đối tượng khác nhau', ' Người lớn 25.000 đồng. Trẻ em 20.000 đồng', 2, 1, 1, '2015-12-14', '2015-12-14'),
(1326, 'Bể Bơi Khách Sạn Sheraton', 'K5 Nghi Tam, 11 Xuan Dieu, Tay Ho, Ha Noi', 'BeBoiKhachSanSheratonK5NghiTam11XuanDieuTayHoHaNoi', '0437199000', '', 0, '', 'Khách sạn Sheraton thiết kế 2 bể bơi: bể bơi dành cho người lớn thiết kế uốn lượn ấn tượng, chiều dài 25m, độ sâu từ 1m2 – 1m4, bể bơi dành cho trẻ em hình tròn, độ sâu 0,4m. \n\nTuy không quá chú trọng vào đối tượng khách lẻ đi bơi nhưng bể bơi Sheraton cũng có một đội ngũ đông đảo tầng lớp hội viên làm thẻ thường xuyên tới bơi, thư giãn và tập luyện. Vệ sinh bể bơi cũng như xử lý hóa chất hàng ngày được thực hiện nghiêm ngặt theo tiêu chuẩn quốc tế để đảm bảo nước trong bể luôn trong vắt và đạt chất lượng tốt nhất.\n \nKhách hàng cũng có thể massage trước hoặc sau khi bơi, tập luyện thể thao trong phòng tập, sử dụng các dịch vụ khác như tắm sục, spa….', '450.000 đ /người.\n            Trẻ em dưới 6 tuổi : 150.000 đ/ người. \n            Vé năm : 36.950.000 đ/12 tháng/người (giá đã bao gồm Gym, Sauna, Jacuzzi).', 2, 1, 1, '2015-12-14', '2015-12-14'),
(1327, 'Bể Bơi Làng quốc tế Thăng Long', 'A4, Tran Dang Ninh, Cau Giay, Ha Noi.', 'BeBoiLangquocteThangLongA4TranDangNinhCauGiayHaNoi', 'Khong', '', 0, '', 'Mở cửa từ 5h - 10h, 15h - 19h\nNước tương đối sạch nhưng hơi cay mắt, bể sâu dành cho ng biết bơi, có bể trẻ con ngay bên cạnh', 'Vé 35k', 2, 1, 1, '2015-12-14', '2015-12-14'),
(1328, 'Bể Bơi IndoChina Xuân Thủy', '241, Xuan Thuy, Cau Giay, Ha Noi, Việt Nam', 'BeBoiIndoChinaXuanThuy241XuanThuyCauGiayHaNoiVietNam', '1900555596', '', 0, '', 'View đẹp, thoáng vì là bể ngoài trời. Có ghế nghỉ đẹp, rất thích hợp để teen pose ảnh. Bể nằm trong khuôn viên của nhà khách Bộ quốc phòng nên không có chuyện khách ra vào lộn nhộn. Phòng chờ vừa mát (có máy lạnh), vừa đẹp và lịch sự. Các cô lễ tân rất dễ chịu. Phòng thay đồ tiện nghi, sạch sẽ.\n Bể lọc tuần hoàn, thay nước liên tục. Độ sâu từ 1,1m đến 2,4m. Chiều dài bể 20m. Có bể nông cho trẻ em + ván trượt. Có khăn tắm. Đồ ăn uống phong phú với các món từ ăn nhanh như khoai tây, khoai lang chiên, ngô chiên, sandwich, bánh mỳ... (giá từ 15-30k) cho đến sườn nướng, gà quay... (giá từ 50k trở lên).', 'Người lớn 100k trẻ em 70k', 2, 1, 1, '2015-12-14', '2015-12-14'),
(1329, 'Bể Bơi Bốn mùa Nghĩa Tân', '14 Tô Hiệu, Cau Giay, Ha Noi', 'BeBoiBonmuaNghiaTan14ToHieuCauGiayHaNoi', '', '', 0, '', 'Bể mới khai trương vẫn còn ít người biết đến, nên bể vắng, bơi rất thoải mái. \nBể đẹp, đúng tiêu chuẩn, có tranh trang trí trên tường và hoa giả dọc bức tường nhìn cũng đẹp. \nNước ấm, nhưng nhận xét của ad đã bơi ở đây là nước dùng ít clo, nên bị ngứa, có bạn đi cùng ad còn bị mẩn đỏ hết cả hai tay. Lần đầu tiên ad đến bể thì lại không sao... (?!!)\nDịch vụ tốt, gửi đồ không mất tiền, không cần tiền cược. \nPhòng tắm có sữa tắm, gội đầu, máy sấy. Một điểm đặc biệt trong phòng tắm là vì bể của trường cấp 2, nên nhà tắm cũng thiết kế vừa với các bạn học sinh cấp 2, xinh xinh. Nhưng người lớn tắm vẫn thoải mái. Nội thất đẹp.\nGửi xe 4k/xe máy.', 'Người lớn: 80.000 VNĐ\n- Trẻ em: 50.000 VNĐ', 2, 1, 1, '2015-12-14', '2015-12-14'),
(1330, 'Bể Bơi Quán Thánh', '115 , Quan Thanh,Ba Dinh, Ha Noi', 'BeBoiQuanThanh115QuanThanhBaDinhHaNoi', '0972901898', '', 0, '', '\n\nBể bơi trong nhà có mái che\n\nBể bơi rộng rãi, thoáng mát\n\nPhù hợp với mọi lứa tuổi', '70.000 VNĐ/ người/buổi', 2, 1, 1, '2015-12-14', '2015-12-14'),
(1331, 'Bể Bơi HVKT Quân Sự', 'Ngõ 100B , Hoang Quoc Viet, Cau Giay, Ha Noi', 'BeBoiHVKTQuanSuNgo100BHoangQuocVietCauGiayHaNoi', '069515200', '', 0, '', 'Bể đẹp, rộng (9 làn bơi) và nước rất sạch\nHơn nữa do nằm ở trong trường nên không quá đông người bơi\nVì bể phục vụ sinh viên là chủ yêu nên giá cả rất hợp lí, phải chăng', 'giá vé 25k ', 2, 1, 1, '2015-12-14', '2015-12-14'),
(1332, 'Bể Bơi Trung tâm Phụ nữ và phát triển', '20 ,Thuy Khue, Tay Ho, Ha Noi', 'BeBoiTrungtamPhunuvaphattrien20ThuyKhueTayHoHaNoi', '0437282581', '', 0, '', 'Nằm trong khuôn viên của Trung tâm phát triển phụ nữ trên đường Thụy Khuê (Tây Hồ, Ha Noi), bể bơi rộng gần 600m2 (chiều dài 33 m, chiều rộng 17 m). Nước bể bơi ở đây khá trong xanh, không có mùi khử trùng clo. Ngoài bơi, còn có các dịch vụ spa, yoga, mát xa, xông hơi.', 'người lớn là 120.000đ/lượt, trẻ em là 60.000đ/lượt. Giá vé tháng là 3.000.000đ/tháng, giá trị sử dụng trong 45 ngày.', 2, 1, 1, '2015-12-14', '2015-12-14'),
(1333, 'Bể Bơi Bách Khoa', 'ngõ 40, Ta Quang Buu, Phuong Bach Khoa, Quan Hai Ba Trung, Ha Noi', 'BeBoiBachKhoango40TaQuangBuuPhuongBachKhoaQuanHaiBaTrungHaNoi', '0438692247', '', 0, '', 'Bể bơi giá cả phải chăng dành cho sinh viên\nBể bơi rộng rãi, thoáng mát\nBể sạch sẽ, nước hồ được lọc liên tục\n', 'Người lớn 40k, trẻ em 30k', 2, 1, 1, '2015-12-14', '2015-12-14'),
(1334, 'Bể Bơi Sense Aqua & Spa', '20,Thuy Khue, Phuong Thuy Khue, Quan Tay Ho, Ha Noi', 'BeBoiSenseAquaSpa20ThuyKhuePhuongThuyKhueQuanTayHoHaNoi', '0437282581', '', 0, '', 'Được hoạt động từ năm 2009, Bể bơi Sense Aqua & Spa luôn là một trong những bể bơi tại Ha Noi hiện đại nhất.\n\nVới chiều dài là 33 mét, chiều rộng là 17 mét, Bể bơi có không gian khá rộng rãi, và nước được sử lý với công nghệ tiên tiến hàng đầu trên thế giới,', 'Người Lớn : 120k/1 lượt\n\nTrẻ em : 60k/ 1 lượt', 2, 1, 1, '2015-12-14', '2015-12-14'),
(1335, 'CLB Gym Thăng Long ( Dong Da)', ' 3, Chua Lang, Dong Da, Ha Noi', 'CLBGymThangLongDongDa3ChuaLangDongDaHaNoi', '0983266175', '', 0, '', 'CLB Thăng Long vốn là nơi luyện tập của đội tuyển Ha Noi nên sở hữu những đồ tập được gọi là tốt nhưng nhìn hơi cùi bắp (tốt gỗ hơn tốt nước sơn :D ), diện tích phòng tập thuộc loại lớn, rộng rãi nhưng giờ cao điểm thì hơi ngột ngạt vì khá đông hội viên.', '120k/tháng', 3, 1, 1, '2015-12-14', '2015-12-14'),
(1336, 'CLB Gym Zone Fitness', ' 18, Thai Ha, Dong Da, Ha Noi', 'CLBGymZoneFitness18ThaiHaDongDaHaNoi', '0988566621', '', 0, '', 'CLB Gym thể hình nam nữ Zone Fitness - Trung Tâm Gym ở khu vực Thái Hà ngay cạnh bể bơi thái hà. Rất gần Trường ĐH Công Đoàn , Thủy Lợi , Ngân Hàng , Kim liên ,đường láng, giảng võ , nguyễn chí thanh Cau Giay ... \n\nPhòng tập có 2 tầng rỗng rãi sạch đẹp , máy móc mới thoải mái tập. Chỗ để xe miễn phí thoải mái miễn phí, có tắm & tủ để đồ miễn phí, đồ uống giá mềm. CLB hay tổ chức sn , offline hoạt động giao lưu hội viên. ', '300k/tháng', 3, 1, 1, '2015-12-14', '2015-12-14'),
(1337, 'CLB Hoa Quế Lâm', 'Nhà Văn hóa Xóm 3 Thôn Hạ, Me Tri Ha, Nam Tu Liem, Ha Noi', 'CLBHoaQueLamNhaVanhoaXom3ThonHaMeTriHaNamTuLiemHaNoi', '0966585959', '', 0, '', 'Thế dục thể hình - Gym - Thể dục thẩm mỹ AEROBIC- zumba Fitness - Yoga - Khiêu vũ thể thao', '350k/tháng', 3, 1, 1, '2015-12-14', '2015-12-14'),
(1338, 'CLB Nshape Fitness Nguyễn Chí Thanh', 'Tầng 5 tòa nhà Vườn Xuân, 71 Nguyen Chi Thanh, Dong Da, Ha Noi', 'CLBNshapeFitnessNguyenChiThanhTang5toanhaVuonXuan71NguyenChiThanhDongDaHaNoi', '0462660495', '', 0, '', 'Toàn bộ trang thiết bị tại phòng Gym NShape đều là những trang thiết bị tân tiến nhập khẩu từ Mỹ và châu Âu. Có rất nhiều loại máy khác nhau để phục vụ cho mục đích tập luyện của từng hội viên. Giảm cân, tập thể hình, tăng cơ, hay duy trì sức khỏe và vóc dáng là điều những chiếc máy này có thể giúp bạn. Thời gian tập luyện của bạn để đạt tới mục đích mong muốn sẽ được rút ngắn đi 70% khi có sự hỗ trợ từ huấn luyện viên cá nhân giàu kinh nghiệm. Các huấn luyện viên giàu kinh nghiệm trong nước và nước ngoài sẽ xây dựng các bài tập gym cho nam và nữ, đặc biệt phù hợp nhất đối với nhu cầu và mục tiêu tập luyện của mỗi cá nhân. Không những vậy, họ sẽ tận tình và nghiêm khắc tập luyện cùng bạn để bạn không nản chí.', '4 triệu đồng/ tháng', 3, 1, 1, '2015-12-14', '2015-12-14'),
(1339, 'CLB Thể hình Number One', 'Tầng 3, 115 Quan Thanh, Ba Dinh, Ha Noi', 'CLBThehinhNumberOneTang3115QuanThanhBaDinhHaNoi', '0989550074', '', 0, '', 'Câu lạc bộ thể hình - thẩm mỹ Number One toạ lạc tại Tầng 3 Trung Tâm Thể Thao Ba Đình số 115 Quán Thánh - Ba Đình - Hà Nội. Cả phòng tập của Nam và Nữ đều có huấn luyện viên tốt nghiệp tại trường THỂ DỤC THỂ THAO Từ Sơn - Bắc Ninh ra, chuyên nghành Thể Dục Thể Hình & Thể Dục Thẩm Mỹ.... Trình độ Đại Học.', '300k/tháng', 3, 1, 1, '2015-12-14', '2015-12-14'),
(1340, 'CLB Thể hình Gym, Thẩm mỹ ĐH Văn Hóa Ha Noi', '418 , De La Thanh, Dong Da, Ha Noi, trong khuôn viên trường Đại học Văn hoá Ha Noi', 'CLBThehinhGymThammyDHVanHoaHaNoi418DeLaThanhDongDaHaNoitrongkhuonvientruongDaihocVanhoaHaNoi', '0913310884', '', 0, '', 'Sử dụng trang thiết bị cùng giàn máy chạy trượt tuyết hiện đại tiêu chuẩn quốc tế. Tắm nóng lạnh tiện ích, bãi để xe rộng không thu tiền.\nHLV thể hình nhiệt tình, giàu kinh nghiệm đã đạt nhiều huy chương vàng và đội ngũ giáo viên nữ sôi động, trẻ trung, xinh đẹp.\nVới sự kết hợp tập luyện giữa cả nam và nữ. Câu Lạc Bộ chúng tôi sẽ đem đến cho các bạn niềm vui, sự tự tin, hạnh phúc trong cuộc sống. ', '340k/tháng', 3, 1, 1, '2015-12-14', '2015-12-14'),
(1341, 'CLB Thể hình Lộc Việt Fitness', ' 6, Huynh Thuc Khang, Quận Dong Da, Ha Noi', 'CLBThehinhLocVietFitness6HuynhThucKhangQuanDongDaHaNoi', '0944415555', '', 0, '', 'Đến với CLB thể hình Lộc Việt Fitness, bạn sẽ cảm nhận được sự thoải mái khi luyện tập trong không gian rộng rãi, thoáng mát, đầy đủ tiện nghi. Đặc biệt, phòng tập dành cho nam và nữ được phân biệt rất rõ ràng giúp bạn luôn cảm thấy thật tự nhiên, thật sự thư giãn sau một ngày học tập, làm việc mệt mỏi. Giờ thì, không cần phải đến spa thường xuyên, không cần phải ăn kiêng vất vả, không cần tốn nhiều chi phí cho những lần phẩu thuật thẩm mỹ không an toàn, bạn vẫn có thể tự tin với vóc dáng chuẩn nhất và sức khỏe dẻo dai nhất!', '23tr/ 1 năm', 3, 1, 1, '2015-12-14', '2015-12-14'),
(1342, 'Fantasia Gym Club', 'Tầng 3, 10, Ta Quang Buu , Bach Khoa, Hai Ba Trung, Ha Noi', 'FantasiaGymClubTang310TaQuangBuuBachKhoaHaiBaTrungHaNoi', '0909091296', '', 0, '', 'Fantasia đã được đầu tư trang thiết bị hiện đại, đạt tiêu chuẩn Quốc tế với không gian rộng rãi, đầy đủ tiện nghi cùng lịch sinh hoạt đa dạng đã thu hút được lượng lớn những người yêu thích thể thao đến tập luyên. Và cho đến nay phòng tập Fantasia đã được khẳng định vị thế của mình bằng chính niềm tin của khách hàng và đã trở thành địa chỉ tin cậy, uy tín cho những ai mong muốn nâng cao sức khỏe cũng như có được vóc dáng như mong muốn.', '300k/tháng', 3, 1, 1, '2015-12-14', '2015-12-14'),
(1343, 'Mùa Xuân Club', '69 , Tran Nhan Tong, Hai Ba Trung Ha Noi', 'MuaXuanClub69TranNhanTongHaiBaTrungHaNoi', '0439426645', '', 0, '', ' Với phòng tập rộng rãi hơn 500m2 được đầu tư toàn bộ các trang thiết bị hiện đại nhập khẩu từ Ý, Mỹ, có đầy đủ cơ số máy cho nhiều người tập với các trình độ đẳng cấp khác nhau, thích hợp cho mọi lứa tuổi, cho cả nam, nữ.\n', '8 tr/1 năm', 3, 1, 1, '2015-12-14', '2015-12-14');
INSERT INTO `location` (`id`, `name`, `address`, `link`, `contact`, `coordinates`, `area`, `sale`, `describe`, `price`, `category_id`, `user_id`, `actived`, `created_at`, `updated_at`) VALUES
(1344, 'Olympia 96 Định Công', '96 Dinh Cong , Thanh Xuan - Ha Noi', 'Olympia96DinhCong96DinhCongThanhXuan-HaNoi', '0432888686', '', 0, '', 'Tập gym thường xuyên sẽ giúp bạn có một cơ thể khỏe mạnh, săn chắc và dẻo dai, mang lại tâm trạng hứng khởi để học tập và làm việc.\n\n- Olympia hiện là Trung tâm thể hình - thể dục thẩm mỹ có cơ sở vật chất khang trang, tiện nghi với diện tích hơn 800 m2, mang lại cho bạn cảm giác thoải mái trong thời gian luyện tập. \n\n- Máy móc hiện đại, được nhập khẩu nước ngoài. 100% huấn luyện viên có trình độ chuyên môn, giàu kinh nghiệm. \n\n- Olympia đa dạng các dịch vụ đáp ứng mọi nhu cầu tập luyện: Bơi lội, Thể hình, Thể dục thẩm mỹ, Khiêu vũ cổ điển, Jazz dance, Múa bụng, Tennis, Massage vật lý trị liệu, massage body…\n\n- Các học viên được tắm nóng lạnh miễn phí, có tủ đựng đồ riêng.\n\n- Olympia hiện là Trung tâm thể hình - thể dục thẩm mỹ và bơi lội mang tính chuyên nghiệp cao, uy tín nhất trên cả nước nói chung và Hà Nội nói riêng.', '300k/tháng', 3, 1, 1, '2015-12-14', '2015-12-14'),
(1345, 'Trung tâm TDTT Dong Da', '75, Dang Van Ngu, Phuong Trung Tu, Dong Da, Ha Noi', 'TrungtamTDTTDongDa75DangVanNguPhuongTrungTuDongDaHaNoi', '0438523689', '', 0, '', 'Phòng tập TT Thể dục thể thao Đống Đa cạnh trung tâm dạy nghề số 2 Đặng Văn Ngữ. Phòng tập thoáng mát, sạch sẽ. Có nhà vệ sinh, chỗ để xe rộng rãi. Phòng tập cung cấp nhiều dịch vụ khác!', '250k/tháng', 3, 1, 1, '2015-12-14', '2015-12-14'),
(1346, 'Titan Gym Club', '722 , Hoa Hoa Tham, Tay Ho, Ha Noi', 'TitanGymClub722HoaHoaThamTayHoHaNoi', '01236957444', '', 0, '', 'Titan Gym Club nằm ở tầng 2 Chợ Bưởi, phòng tập có không gian rộng rãi, thoáng mát. Trang thiết bị, máy tập chất lượng tốt.', '300k/tháng', 3, 1, 1, '2015-12-14', '2015-12-14'),
(1347, 'Trung tâm thể hình Hoàng Dương', ' 142A, Hong Mai, Hai Ba Trung, Ha Noi', 'TrungtamthehinhHoangDuong142AHongMaiHaiBaTrungHaNoi', '0904141007', '', 0, '', 'Tập thể hình thường xuyên không chỉ giúp cơ bắp săn chắc, hình thể đẹp mà còn nâng cao sức khỏe, tinh thần sảng khoái, phòng tránh được nhiều bệnh tật. Các động tác thể hình đòi hỏi vận động các cơ, buộc các cơ phải hoạt động, chính điều này sẽ có tác dụng giúp cơ thể đốt cháy calo loại bỏ mô mỡ thừa, làm săn chắc cơ bắp. Phương pháp này thích hợp cho cả nam và nữ, ở nhiều lứa tuổi. Với phái mạnh, đây là phương pháp giúp phái mạnh tạo cơ bắp, rèn luyện thể lực, còn với phái đẹp, các động tác gym nhẹ nhàng, không quá khó thực hiện lại giúp bạn giảm mỡ, thon gọn cơ thể một cách hiệu quả.\nNgoài tác dụng ngăn ngừa bệnh tật, các động tác thể dục nhịp nhàng còn giúp bạn giải tỏa căng thẳng, tăng cường năng lượng cho thể chất và tinh thần, mang lại một giấc ngủ ngon. Luyện tập thường xuyên tại phòng tập còn là cơ hội để bạn tìm thêm những mối quan hệ mới, niềm vui mới. Với 1 tháng tập tại CLB Hoàng Dương, bạn vừa được thư giãn, vừa được rèn luyện sức khỏe sau những giờ học tập, làm việc căng thẳng. ', '300k/tháng', 3, 1, 1, '2015-12-14', '2015-12-14'),
(1348, 'Tuấn Vũ Fitness ', '22 Thanh Cong, Ba Dinh, Ha Noi', 'TuanVuFitness22ThanhCongBaDinhHaNoi', '0932956789', '', 0, '', 'Phòng tập được trang bị hiện đại, nội thất ấn tượng, luôn có huấn luyện viên hướng dẫn hiệu quả, thiết bị 100% hàng ngoại nhập của Hãng Impulse và Hãng Carpo (hai thương hiệu thiết bị thể hình uy tín được Tuấn Vũ đại diện phân phối chính thức tại Việt Nam) dành cho các phòng cao cấp . \ntuấn vũ cũng sản xuất các sẩn phẩm mang thương hiệu của tuấn vũ với chất lượng tiêu chuẩn ngang bằng sp nhập ngoại để phục vụ yêu cầu của người tiêu dùng.\ncác SP nhập ngoại và SP của tuấn vũ : Bao gồm nhiều máy cardio, máy chạy, xe đạp, leo núi, trượt tuyết và máy tập cơ các nhóm…; nhằm đáp ứng các bài tập phát triển cơ bắp cho các bạn nam, tăng cường độ săn chắc, thon gọn cho các bạn nữ và duy trì độ dẻo dai cho người trung tuổi. Đặc biệt, phòng tập còn có bài tập riêng cho các bạn nữ muốn nhanh chóng lấy lại vóc dáng sau sinh.', '420.000/1 tháng. ', 3, 1, 1, '2015-12-14', '2015-12-14'),
(1349, 'CLB Texas', 'nhà A4 ký túc xá Thăng Long, 76 Duy Tan, Cau Giay, Ha Noi', 'CLBTexasnhaA4kytucxaThangLong76DuyTanCauGiayHaNoi', '0977198484', '', 0, '', 'Tập thể hình, gym & erobic với những bài tập thú vị sẽ giúp bạn đốt cháy mỡ thừa, giải phóng năng lượng, stress, tăng cường sức đề kháng, cho cơ thể dẻo dai, rắn chắc, hấp dẫn.\n- Miễn phí: Tắm nóng lạnh, Tủ đựng đồ, Khăn tắm, Nơi để xe.\n- CLB thể hình TEXAS Thăng Long có cơ sở vật chất rộng rãi, hệ thống máy móc hiện đại, chuyên biệt được nhập khẩu từ nước ngoài.\n- Huấn luyện viên đẳng cấp, chuyên nghiệp sẽ giúp bạn sở hữu thân hình thon gọn, rắn chắc không còn dấu hiệu của một cơ thể dư thừa lượng mỡ.', '350k/tháng', 3, 1, 1, '2015-12-14', '2015-12-14'),
(1350, 'CLB Thể hình Quế Lâm', '35, Tran Quy Kien, Cau Giay, Ha Noi', 'CLBThehinhQueLam35TranQuyKienCauGiayHaNoi', '0905826336', '', 0, '', '', '150k/tháng', 3, 1, 1, '2015-12-14', '2015-12-14'),
(1351, 'CLB Thể hình Thăng Long', '124 Phung Khoang, Trung Van, Ha Noi', 'CLBThehinhThangLong124PhungKhoangTrungVanHaNoi', '0946234046', '', 0, '', 'CLB thể hình Texas Thăng Long có nhiều năm kinh nghiệm trong bộ môn Thể hình, với chủ nhiệm CLB là 02 Huấn luyện viện đạt đẳng cấp Quốc gia.', '180k/tháng', 3, 1, 1, '2015-12-14', '2015-12-14'),
(1352, 'CLB Bảo Hân', 'Nhà Văn Hóa Trung Kính, Cau Giay Ha Noi', 'CLBBaoHanNhaVanHoaTrungKinhCauGiayHaNoi', '934629524', '', 0, '', 'Trung tâm với trang thiết bị hiện đại.\nĐội ngũ huấn luyện viên kinh nghiệm, nhiệt tình.\nCác lớp họp linh động, sôi nổi, trẻ trung', '250k/tháng', 3, 1, 1, '2015-12-14', '2015-12-14'),
(1353, 'CLB Thể hình Đồng Hành', '255-257, Bach Mai, Thanh Nhàn, Hai Ba Trung, Ha Noi', 'CLBThehinhDongHanh255-257BachMaiThanhNhanHaiBaTrungHaNoi', '0918653622', '', 0, '', 'LB Thể hình - Thẩm mỹ Đồng Hành có vị trí rất đẹp tại Nhà văn hóa Quận Hai Bà Trưng. CLB tọa lạc ngay góc ngã tư Bạch Mai - Thanh Nhàn - Lê Thanh Nghị với tổng diện tích gần 600m2 bao gồm 2 khu: Thể hình cho nam và phòng GYM và Thẩm mỹ Aerobic cho nữ. Phòng tập GYM máy mới, hiện đại gồm nhiều máy bổ trợ cho nữ (Máy chạy, máy matxa, máy tập eo, máy tập bụng...) và gần 40 loại máy tập đầy đủ cho các nhóm cơ dành cho nam. Giáo viên hướng dẫn trẻ trung, cởi mở, nhiệt tình và giàu kinh nghiệm.\nCâu Lạc Bộ mở cửa tất cả các ngày trong tuần. Thời gian tập linh hoạt, không giới hạn thời gian và số ca luyện tập phòng GYM và Thể hình. Thông thường mỗi ca tập Aerobic cho nữ kéo dài khoảng 01 tiếng.\nCó phòng thay đồ rộng rãi, tủ gửi đồ an toàn và phòng tắm nóng lạnh Miễn phí.', '300k/tháng', 3, 1, 1, '2015-12-14', '2015-12-14'),
(1354, 'CLB Thể Hình Hải Đăng', '273,Tay Son, Dong Da, Ha Noi', 'CLBTheHinhHaiDang273TaySonDongDaHaNoi', '0987662216', '', 0, '', 'CÂU LẠC BỘ THỂ HÌNH HẢI ĐĂNG với trang thiết bị tập chất lượng hàng đầu, môi trường tập luyện tốt cùng với không gian thoáng mát, sạch đẹp đảm bảo cung cấp cho Quý Khách chất lượng dịch vụ chăm sóc sức khoẻ tốt nhất. ', '230k/tháng', 3, 1, 1, '2015-12-14', '2015-12-14'),
(1355, 'CLB Goldem Gym - SVD Bách Khoa', '1, Dai Co Viet, Hai Ba Trung, Ha Noi', 'CLBGoldemGym-SVDBachKhoa1DaiCoVietHaiBaTrungHaNoi', '0438634577', '', 0, '', 'CLB Golden GYM - SVĐ Bách Khoa Nhà Văn Hóa Hai Bà Trưng có đầy đủ máy móc, trang thiết bị dành riêng cho môn Thê Hình. Các khu vực tập luyện và dịch vụ được bố trí riêng biệt nhưng liền mạch giúp hội viên thuận tiện trong việc kết hợp bài tập và thoải mái di chuyển trong CLB. Mỗi CLB có khoảng 3-5 phòng chức năng với hàng trăm máy tập hiện đại để phục vụ hội viên. CLB có khu tập căng cơ (stretch) giúp cơ thể phòng tránh các chấn thương khi tập luyện, giảm đau cơ và tăng hiệu quả cho các bài tập trước đó. Các máy móc trong khu vực này chủ yếu hỗ trợ người tập giãn cơ, căng cơ, tập bụng, lưng, sườn… giúp tăng lượng cơ và đốt cháy mỡ.', '250k/tháng', 3, 1, 1, '2015-12-14', '2015-12-14'),
(1356, 'CLB Nshape Fitness Hàm Long', '14 ,Ham Long, Phan Chu Trinh, Hoan Kiem, Ha Noi', 'CLBNshapeFitnessHamLong14HamLongPhanChuTrinhHoanKiemHaNoi', '0439449920', '', 0, '', 'Một sự hòa trộn hoàn hảo giữa sự hối hả, hiện đại và sự lắng đọng, chậm rãi của cuộc sống nơi tiếng chuông nhà thờ ngân vang, đủ để bất cứ ai bước vào không gian NShape nơi đây đều được thư giãn hoàn toàn. Đội ngũ nhân viên chuyên nghiệp, nhiệt tình và chu đáo luôn thường trực nụ cười trên môi mỗi khi bạn tới.Tại NShape, chúng tôi cung cấp khăn tắm, khăn tập và tủ đựng đồ miễn phí cho hội viên. Sau những giờ tập mệt nhoài bạn có thể thư giãn cơ thể trong phòng Xông hơi và Xông khô hoặc đơn giản là nhâm nhi một ly thức uống bổ dưỡng tại quầy bar xinh xắn ngay giữa phòng tập.\n\nĐặc biệt, khu tập luyện CrossFit với những trang thiết bị, dụng cụ hỗ trợ hiện đại chắc chắn sẽ đem tới cho hội viên những trải nghiệm thú vị trong quá trình tập luyện của mình', '400k/thangs', 3, 1, 1, '2015-12-14', '2015-12-14'),
(1357, 'CLB Thể hình X-men', '88, Tran Nhat Duat, Hoan Kiem, Ha Noi', 'CLBThehinhX-men88TranNhatDuatHoanKiemHaNoi', '0913526699', '', 0, '', 'CLB thể hình Thẩm mỹ X-men là một trong nhưng clb thể hình có chất lượng tốt, giá cả phải chăng. \nPhòng tập được trang bị đầy đủ các thiết bị và máy móc hiện đại, đạt tiêu chuẩn chất lượng. Đội ngũ nhân viên có nghiệp vụ, nhiệt tình và chu đáo, cùng những huấn luyện viên giàu kinh nghiệm, được đào tạo bài bản và hoạt động lâu năm trong ngành, … X-MEN đem đến cho học viên những bài tập bổ ích và những giờ rèn luyện sức khỏe hiệu quả.\nPHÒNG TẬP X-MEN luôn khẳng định chất lượng điểm đến, chất lượng phòng tập, trở thành nơi yêu thích của mọi đối tượng: thanh thiếu niên, trung niên và cao niên, gồm cả nam và cả nữ, … Số lượng hội viên tham gia ngày càng tăng khẳng định sự ra đời của phòng tập là cực kỳ cần thiết.', '250k/tháng', 3, 1, 1, '2015-12-14', '2015-12-14'),
(1358, 'TTTD thẩm mỹ GYM - CURVES Kim Mã', 'Phòng 102 - tòa nhà DMC, 535 , Kim Ma, Ba Dinh, Hà Nộ', 'TTTDthammyGYM-CURVESKimMaPhong102-toanhaDMC535KimMaBaDinhHaNo', '0965629762', '', 0, '', 'Được nghiên cứu và cải tiến qua 20 năm phát triển, Curves 30 phút thể dục là chương trình giảm cân và săn chắc cơ thể được thiết kế dành riêng cho phụ nữ đã được khoa học chứng nhận về độ hiệu quả. Bài tập của Curves rất vui, nhanh và an toàn.\nChúng ta vẫn thường quen với các phòng tập thể dục truyền thống với các lớp học, nhưng Curves hoàn toàn khác biệt, Curves chính là cuộc cách mạng về thể dục.\n', '500k/tháng', 3, 1, 1, '2015-12-14', '2015-12-14'),
(1359, 'CLB Thể Hình UBND Mỹ Đình', 'Cạnh UBND Xã Mỹ Đình - Tu Liem - Ha Noi', 'CLBTheHinhUBNDMyDinhCanhUBNDXaMyDinh-TuLiem-HaNoi', '0943399001', '', 0, '', 'Câu lạc bộ thẩm mỹ thể hình Tuấn Vũ với trang thiết bị máy tập chất lượng hàng đầu bao gồm máy nhập ngoại và thiết bị mang thương hiệu Tuấn Vũ cùng với không gian vô cùng thoáng mát, sạch đẹp đảm bảo cung cấp cho Quý Khách Hàng chất lượng dịch vụ chăm sóc sức khoẻ hoàn hảo. Tuấn Vũ liên tục mở lớp Aerobic , Yago sáng, Khiêu vũ thể thao,  thể hình nam... ', '200k/tháng', 3, 1, 1, '2015-12-14', '2015-12-14'),
(1360, 'CLB Thể hình Tuấn Vũ 2', 'Nhà văn hoá 36 ngõ 72/28 Duong Quang Ham, Cau Giay, Ha Noi', 'CLBThehinhTuanVu2Nhavanhoa36ngo7228DuongQuangHamCauGiayHaNoi', '0913566150', '', 0, '', 'Câu lạc bộ thẩm mỹ thể hình Tuấn Vũ với trang thiết bị máy tập chất lượng hàng đầu bao gồm máy nhập ngoại và thiết bị mang thương hiệu Tuấn Vũ cùng với không gian vô cùng thoáng mát, sạch đẹp đảm bảo cung cấp cho Quý Khách Hàng chất lượng dịch vụ chăm sóc sức khoẻ hoàn hảo. Tuấn Vũ liên tục mở lớp Aerobic , Yago sáng, Khiêu vũ thể thao,  thể hình nam... ', '250k./tháng', 3, 1, 1, '2015-12-14', '2015-12-14'),
(1361, 'CLB Thể Hình Adam&Eva', '169,Nguyen Ngoc Vu, Trung Hoa, Cau Giay, Ha Noi', 'CLBTheHinhAdamEva169NguyenNgocVuTrungHoaCauGiayHaNoi', '0915024249', '', 0, '', 'CLB thể hình Adam & Eva - Tầng 1 số 52 phố Chùa Hà, Cầu Giấy, HN được trang bị máy móc hiện đại trong không gian tập rộng, thoáng, HLV chuyên nghiệp nhiệt tình, có tắm nóng lạnh, gửi xe miễn phí, ,,, và đặc biệt là chi phí tập rẻ nhất khu vực Cầu Giấy.', '400k/tháng', 3, 1, 1, '2015-12-14', '2015-12-14'),
(1362, 'CLB Thể Hình Olympia Trần Hưng Đạo', '4 Tran Hung Dao, Hoan Kiem, Ha Noi', 'CLBTheHinhOlympiaTranHungDao4TranHungDaoHoanKiemHaNoi', '0439331049', '', 0, '', 'Trong 15 năm phát triển, Olympia đã không ngừng nâng cao về mọi mặt như cơ sở vật chất, trang thiết bị Gym hiện đại và các huấn luyện viên có chuyên môn giỏi để trở thành địa chỉ tin cậy và uy tín cho những người yêu thích thể thao đến tập luyện, nâng cao sức khỏe. Thương hiệu Olympia đã được khẳng định bằng chính niềm tin của các khách hàng.\n\nTất cả dịch vụ tại Olympia đều được đầu tư trang thiết bị đạt tiêu chuẩn quốc tế, đảm bảo chất lượng sức khỏe cho người sử dụng. Các chuyên gia huấn luyện nổi tiếng sẽ giúp hội viên có những bài tập thực tế mang lại hiệu quả cao tuỳ theo từng nhu cầu của mỗi người.\n\nTheo đánh giá của giới chuyên môn, Olympia hiện là Trung tâm thể hình - thể dục thẩm mỹ và bơi lội mang tính chuyên nghiệp cao, uy tín nhất trên cả nước nói chung và Hà Nội nói riêng. Nhiều học viên tại đây cũng đã được gọi vào đội tuyển Quốc gia, giành thành tích cao trong các giải đấu lớn. ', '340k/tháng', 3, 1, 1, '2015-12-14', '2015-12-14'),
(1363, 'Khang An Tennis', '286 Nguyen Xien, Thanh Xuan, Ha Noi', 'KhangAnTennis286NguyenXienThanhXuanHaNoi', '0934358696', '', 0, '', 'Mặt sân được xây dựng năm 2011 còn rất tốt, đảm bảo các tiêu chuẩn vể chất lượng và kích thước.\n- Vị trí sân thuận tiện cho việc đi lại, khu vực sân an ninh và co bãi xe riêng biệt cho cả xe hai bánh và ôtô.\n- Canteen phục vụ nước và ăn nhẹ giá cả phải chăng.\n- Nhân viện phục vụ tại sân luôn chu đáo và tận tình với khách hàng.', '7h den 15h:150k 15h den 22h: 200k', 4, 1, 1, '2015-12-14', '2015-12-14'),
(1364, 'TTTT Trần Quốc Hoàn', '120, Tran Quoc Hoan,Cau Giay, Ha Noi', 'TTTTTranQuocHoan120TranQuocHoanCauGiayHaNoi', '0968427718', '', 0, '', 'Được thiết kế theo các tiêu chuẩn khắt khe của sân tập tennis trên thế giới, hệ thống sân tập tennis và chất lượng mặt sân tốt, đảm bảo tiêu chuẩn luyện tập – thi đấu sẽ đáp ứng tối đa nhu cầu vui chơi và luyện tập thể thao của hội viên và khách mời. Bên cạnh đó, không gian thoáng mát, rộng rãi gần công viên và khu giải khát liền kề cũng sẽ là những yếu tố quan trọng góp phần tạo nên một môi trường lý tưởng để hội viên yên tâm luyện tập những môn thể thao yêu thích', '7h đến 16h: 200k, 16h đến 21h30: 300k', 4, 1, 1, '2015-12-14', '2015-12-14'),
(1365, 'Sân Tennis Chiến Dương', 'Cổng phụ công viên Cau Giay, Tran Thai Tong, Dich Vong, Cau Giay, Ha Noi', 'SanTennisChienDuongCongphucongvienCauGiayTranThaiTongDichVongCauGiayHaNoi', '0904983323', '', 0, '', 'Sân Tennis Chiến Dương là hệ thống sân nền cứng đạt tiêu chuẩn quốc gia. Sân có không gian thoáng mát, khang trang, sạch sẽ. Giá thuê sân hợp lý.', '7h đên 17h : 200k/2h ;17H đến 21h: 400k/2h', 4, 1, 1, '2015-12-14', '2015-12-14'),
(1366, 'Sân Tennis Học Viện Ngân Hàng', ' 12, Chua Boc, Dong Da, Ha Noi', 'SanTennisHocVienNganHang12ChuaBocDongDaHaNoi', 'Khong', '', 0, '', '- Sân nằm sâu trong khuân viên trường Học Viện Ngân Hàng.\n- Gồm 2 sân tennis nền cứng đạt tiêu chuẩn. Hệ thống đèn đảm bảo ánh sáng.\n- Không gian thoáng đãng, mát mẻ.\n- Giá thuê sân hợp lý.', '8h đến 16h: 150k/1h; 16h đến 22h: 250k/1h', 4, 1, 1, '2015-12-14', '2015-12-14'),
(1367, 'Sân Tennis CLB Mùa Xuân', '69, Tran Nhan Tong, Ba Dinh, Ha Noi, Việt Nam', 'SanTennisCLBMuaXuan69TranNhanTongBaDinhHaNoiVietNam', '0438221750', '', 0, '', 'Được thiết kế theo các tiêu chuẩn khắt khe của sân tập tennis trên thế giới, hệ thống sân tập tennis và chất lượng mặt sân tốt, đảm bảo tiêu chuẩn luyện tập – thi đấu sẽ đáp ứng tối đa nhu cầu vui chơi và luyện tập thể thao của hội viên và khách mời. Bên cạnh đó, không gian thoáng mát, rộng rãi gần công viên và khu giải khát liền kề cũng sẽ là những yếu tố quan trọng góp phần tạo nên một môi trường lý tưởng để hội viên yên tâm luyện tập những môn thể thao yêu thích', '6h đến 15h: 250k/2h, 15h đến 21h: 300k/2h', 4, 1, 1, '2015-12-14', '2015-12-14'),
(1368, 'Sân Tennis HTX Láng Hạ', '59 Lang Ha, Dong Da, Ha Noi', 'SanTennisHTXLangHa59LangHaDongDaHaNoi', '0437762085', '', 0, '', 'Được thiết kế theo các tiêu chuẩn khắt khe của sân tập tennis trên thế giới, hệ thống sân tập tennis và chất lượng mặt sân tốt, đảm bảo tiêu chuẩn luyện tập – thi đấu sẽ đáp ứng tối đa nhu cầu vui chơi và luyện tập thể thao của hội viên và khách mời. Bên cạnh đó, không gian thoáng mát, rộng rãi gần công viên và khu giải khát liền kề cũng sẽ là những yếu tố quan trọng góp phần tạo nên một môi trường lý tưởng để hội viên yên tâm luyện tập những môn thể thao yêu thích', '7h đến 16h: 200k, 16h đến 21h30: 300k', 4, 1, 1, '2015-12-14', '2015-12-14'),
(1369, 'Sân Tennis Lilama', ' Sau tòa nhà Lilama 10, Le Van Luong keo dai', 'SanTennisLilamaSautoanhaLilama10LeVanLuongkeodai', '01695464246', '', 0, '', '', '8h - 15h giá 80.000/1 giờ; 16h - 18h giá 180.000/1 giờ;18h - 20h giá 280.000/1 giờ; 20h - 22h giá 270.000/1 giờ', 4, 1, 1, '2015-12-14', '2015-12-14'),
(1370, 'Sân Tennis Thịnh Hào', '60 Ngõ Thịnh Hào 1, Ton Duc Thang, Ha Noi', 'SanTennisThinhHao60NgoThinhHao1TonDucThangHaNoi', '0942237335', '', 0, '', 'Sân tennis Thịnh Hào được thiết kế và xây dựng theo tiêu chuẩn chất lượng cao, gồm 02 sân có vị trí tại trung tâm thành phố rất thuận lợi cho việc đi lại, chơi và tập luyện.\n\nSân được thiết kế với hệ thống chiếu sáng gồm 8 đèn Metal Halide 1000W/ sân, các sân đều được bao quanh bởi các nhà cao tầng nên rất kín gió và ít nắng. Ngoài ra, sân có hệ thống căng tin hiện đại: điều hòa, tivi,… phục vụ cho các bác giải trí, nghỉ ngơi, ăn uống. Phòng thay đồ, tủ gửi đồ và phòng tắm nóng lạnh riêng biệt tiện nghi, sạch sẽ. Đội ngũ nhặt bóng chuyên nghiệp, phục vụ nhiệt tình. Bãi gửi xe rộng rãi, ô tô ra vào thoải mái, an ninh đảm bảo.\n\nSân có máy bắn bóng Arrow phục vụ cho các nhu cập tập luyện cơ bản và nâng cao. Sân có quan hệ liên kết với đội ngũ các thày dạy thày dạy bóng với kinh nghiệm nhiều năm trong nghề và có tên tuổi tại Ha Noi.\n', '100k/1h', 4, 1, 1, '2015-12-14', '2015-12-14'),
(1371, 'Sân Tennis Vạn Tuế', '136, Ho Tung Mau , Tu Liem, Ha Noi', 'SanTennisVanTue136HoTungMauTuLiemHaNoi', '0437648699', '', 0, '', '- Vị trí sân thuận tiện cho việc đi lại, khu vực sân an ninh và co bãi xe riêng biệt cho cả xe hai bánh và ôtô.\n- Canteen phục vụ nước và ăn nhẹ giá cả phải chăng.\n- Nhân viện phục vụ tại sân luôn chu đáo và tận tình với khách hàng.', '7h đến 16h: 200k, 16h đến 21h30: 300k', 4, 1, 1, '2015-12-14', '2015-12-14'),
(1372, 'Sân Tennis Viện Mối', '267, Chua Boc, Dong Da, Ha Noi', 'SanTennisVienMoi267ChuaBocDongDaHaNoi', '0914647082', '', 0, '', 'Được thiết kế theo các tiêu chuẩn khắt khe của sân tập tennis trên thế giới, hệ thống sân tập tennis và chất lượng mặt sân tốt, đảm bảo tiêu chuẩn luyện tập – thi đấu sẽ đáp ứng tối đa nhu cầu vui chơi và luyện tập thể thao của hội viên và khách mời. Bên cạnh đó, không gian thoáng mát, rộng rãi gần công viên và khu giải khát liền kề cũng sẽ là những yếu tố quan trọng góp phần tạo nên một môi trường lý tưởng để hội viên yên tâm luyện tập những môn thể thao yêu thích', '7h đên 17h : 200k/2h ;17H đến 21h: 400k/2h', 4, 1, 1, '2015-12-14', '2015-12-14'),
(1373, 'Sân Tennis VTV', 'Đằng sau THE MANOR/ THE GARDEN, đối diện Bảo tàng Hậu cần', 'SanTennisVTVDangsauTHEMANORTHEGARDENdoidienBaotangHaucan', '0904488010', '', 0, '', 'Được thiết kế theo các tiêu chuẩn khắt khe của sân tập tennis trên thế giới, hệ thống sân tập tennis và chất lượng mặt sân tốt, đảm bảo tiêu chuẩn luyện tập – thi đấu sẽ đáp ứng tối đa nhu cầu vui chơi và luyện tập thể thao của hội viên và khách mời. Bên cạnh đó, không gian thoáng mát, rộng rãi gần công viên và khu giải khát liền kề cũng sẽ là những yếu tố quan trọng góp phần tạo nên một môi trường lý tưởng để hội viên yên tâm luyện tập những môn thể thao yêu thích', '8h đến 16h: 150k/1h; 16h đến 22h: 250k/1h', 4, 1, 1, '2015-12-14', '2015-12-14'),
(1374, 'Sân Tennis Huyền Anh', '1, Hoang Minh Giam, Thanh Xuan, Ha Noi', 'SanTennisHuyenAnh1HoangMinhGiamThanhXuanHaNoi', '0983009380', '', 0, '', 'Được thiết kế theo các tiêu chuẩn khắt khe của sân tập tennis trên thế giới, hệ thống sân tập tennis và chất lượng mặt sân tốt, đảm bảo tiêu chuẩn luyện tập – thi đấu sẽ đáp ứng tối đa nhu cầu vui chơi và luyện tập thể thao của hội viên và khách mời. Bên cạnh đó, không gian thoáng mát, rộng rãi gần công viên và khu giải khát liền kề cũng sẽ là những yếu tố quan trọng góp phần tạo nên một môi trường lý tưởng để hội viên yên tâm luyện tập những môn thể thao yêu thích', '7h đến 16h:100k/h; 16h đến 21h : 200k', 4, 1, 1, '2015-12-14', '2015-12-14'),
(1375, '\nSân bóng trường THPT Tây hồ', '143, Phu Thuong, Tay Ho, Ha Noi', 'SanbongtruongTHPTTayho143PhuThuongTayHoHaNoi', '0437572163', '', 0, '', ' Sân bóng nằm trong khuôn viên trường THPT Tây hồ, với 3 sân mặt cỏ, diện tích sân, hệ thống chiếu sáng khá tốt. Thứ 2,4,6 mở cửa từ 16h30, thứ 3,5,7 từ 16h. Các ngày chủ nhật nghỉ lễ tết mở cả ngày.\n', '', 5, 1, 1, '2015-12-14', '2015-12-14'),
(1376, 'Sân Bóng Hồng Hà', '15, Hong Ha, Yen Phu, Tay Ho, Ha Noi', 'SanBongHongHa15HongHaYenPhuTayHoHaNoi', '', '', 0, '', 'Sân bóng Hồng Hà 1 là sân cỏ nhân tạo với diện tích rộng.\nChất lượng sân đảm bảo, sạch sẽ, mang lại những buổi đá bóng thú vị và hấp dẫn nhất.\nGiá thuê sân hợp lí, có nhiều loại sân cho quý khách chọn lựa. ', '', 5, 1, 1, '2015-12-14', '2015-12-14'),
(1377, 'Sân bóng kim văn kim lũ', 'Khu đô thị Kim Văn, Hoang Mai, Ha Noi', 'SanbongkimvankimluKhudothiKimVanHoangMaiHaNoi', '0912302737', '', 0, '', ' Công trình sân bóng đá cỏ nhân tạo của Khu đô thị Kim Văn Kim Lũ được thi công từ tháng 10/2014 và đến tháng 3/2015 hoàn thành. Đây là sân bóng đá cỏ nhân tạo đầu của Khu đô thị Kim Văn Kim Lũ và là một trong những sân cỏ có tầm cỡ, quy mô, chất lượng đạt tiêu chuẩn quy định. Việc hoàn thành và đưa vào sử dụng sân bóng cỏ nhân tạo nhằm tạo một sân chơi bổ ích, lành mạnh, đáp ứng nhu cầu luyện tập thể thao của cư dân trong khu đô thị.\n\nSân bóng đá nhân tạo Kim Văn Kim Lũ đi vào hoạt động không chỉ tạo ra khu vui chơi rèn luyện thể thao mà còn đem lại sự văn minh, hiện đại cho khu đô thị góp phần giảm bớt tình hình thiếu sân bãi luyện tập thể dục thể thao của người dân trong khu đô thị Kim Văn Kim Lũ', 'Thuê sân từ thứ 2 đến CN:\n\n                                           8h00 - 16h00: 200.000đ/trận.\n\n                                           16h00 - 17h35: 350.000đ/trận.\n\n                                           17h30 - 19h00: 500.000đ/trận.\n\n                                           19h00 - 20h30: 500.000đ/trận.\n\n                                           20h30 - 22h00: 350.000đ/trận.', 5, 1, 1, '2015-12-14', '2015-12-14'),
(1378, 'Sân Bóng Thúy Lĩnh', '74, Thuy Linh, Hoang Mai, Ha Noi', 'SanBongThuyLinh74ThuyLinhHoangMaiHaNoi', '0942572666', '', 0, '', 'Sân bóng gồm 4 sân 7 và 1 sân 8 với diện tích chuẩn khá rộng, mặt sân và hệ thống chiếu sáng tốt. Sân nằm uối đường lĩnh nam đi qua đê một đoạn 200m rẽ phải là sân bóng (Đối diện chùa thúy lĩnh)', '', 5, 1, 1, '2015-12-14', '2015-12-14'),
(1379, 'Sân Bóng Phòng Không Không Quân', 'Đối diện 88, Le Trong Tan, Khuong Mai, Thanh Xuan, Ha Noi', 'SanBongPhongKhongKhongQuanDoidien88LeTrongTanKhuongMaiThanhXuanHaNoi', '0466757362', '', 0, '', 'Sân Phòng không - Không quân 1 là một trong 2 sân bóng tiêu chuẩn của hệ thống sân bóng đá cỏ nhân tạo thuộc Sân Phòng không - Không quân. Các sân bóng tại đây được lắp đặt với loại cỏ chất lượng cao đáp ứng tốt các tiêu chí như mặt sân phẳng, cỏ trám đều, độ nẩy thấp, độ đàn hồi, thoát nước rất tốt. Dàn đèn được bố trí dày đều khắp quanh sân, mỗi sân con được lắp đặt 12 bóng đèn công suất lớn bật sáng vào bất kỳ thời gian nào trong ngày có thời tiết không thuận lợi và buổi tối nhằm đảm bảo điều kiện về ánh sáng cho các cầu thủ chơi bóng. Sân nằm trên khu đất rộng 6000m2 không gian thoáng đãng, nằm ngay cạnh khu chung cư và khu căn hồ liền kề bao bọc tạo nên một khung cảnh rất đẹp trên nền những trận đấu sôi nổi. Sân có chỗ đỗ ôtô và xe máy rộng rãi đáp ứng được cùng lúc đông đảo người chơi và khán giả đến xem, rất thuận tiện cho các giải đấu bóng. Nhân viên tại sân phục vụ nhanh nhẹn, tận tình, chu đáo. Thời gian thi đấu các đội bóng có thể đăng ký hàng ngày từ 6h00 đến 22h00 và từ thứ 2 đến Chủ nhật. ', 'Ca 1 (7h-11h):  230k/sân/ 90′\n\n+ Ca 2 (11h-14h):   350k/sân/90′\n\n+ Ca 3 (14h-17h): 470k/sân/90′\n\n+ Ca 4(17h-22h): 670/sân/90′', 5, 1, 1, '2015-12-14', '2015-12-14'),
(1380, 'Sân bóng đá cỏ nhân tạo Tháng Giêng', '25, Nguyen Huy Tuong, Thanh Xuan, Ha Noi', 'SanbongdaconhantaoThangGieng25NguyenHuyTuongThanhXuanHaNoi', '0904713268', '', 0, '', 'Hệ thống sân bãi đạt tiêu chuẩn\n• Sân cỏ nhân tạo mềm mại, màu xanh non mát mắt.\n• Hàng rào lưới chắn bóng tại sân được giảm chấn bằng dây cáp, giúp giảm độ nảy của bóng khi va chạm, đồng thời cũng tạo hàng rào an toàn cho cầu thủ.\n• Hệ thống chiếu sáng được thiết kê – thi công bởi đơn vị uy tín với nhiều năm kinh nghiệm. \n• Diện tích rộng rãi, đáp ứng tốt nhu cầu thuê sân để tổ chức các sự kiện: kỷ niệm, liên hoan văn hóa văn nghệ, hoạt động TDTT ngoài trời,.. đem lại hiệu quả cao cho các đơn vị đặt biển quảng cáo.\nDịch vụ chu đáo:\n• Hệ thống cung cấp đồ giải khát phong phú', ' 450.000/ 90 phút thi đấu\n', 5, 1, 1, '2015-12-14', '2015-12-14'),
(1381, 'Sân Bóng KSPORT', '1, Le Quang Dao, Tu Liem, Ha Noi', 'SanBongKSPORT1LeQuangDaoTuLiemHaNoi', '0904666550', '', 0, 'Khuyến mại hấp dẫn...........olee.......gọi ngay 0904666550.\nTri ân khách hàng nhân dịp Noen 2015:\nGiảm giá thuê sân bóng đá lẻ khung giờ từ 17h30 đến 20h30 còn 550 000đ/ 90 phút. Thời gian từ 10/12/2015 đến 25/1/2016.', 'Hiện nay trên địa bàn thành phố có rất nhiều cụm sân cỏ nhân tạo phục vụ nhu cầu chơi bóng của các bạn trẻ. Trong đó nổi bật nhất là cụm sân KSPORT (Lê Quang Đạo, Mễ Trì, Từ Liêm, Hà nội). Nằm ngay trên mặt đường lớn, với không gian thoáng mát và đẹp mắt, sân KSPORT là hệ thống sân bao gồm 06 sân bóng đá mini và 01 sân 11 người. Nơi đây phục vụ chủ yếu nhu cầu thể thao cho các bạn trẻ tại khu vực Từ Liêm, Cầu Giấy, Hoài Đức và Thanh Xuân.', '1. Ngày thứ 2 hàng tuần, khung giờ từ 19g dến 20g30’: \n- Giá ban đầu: 600 000đ/trận nay giảm còn 400 000đ/trận.\n2. Từ thứ 2 đến thứ 6\n- Buổi sáng, các khung giờ từ 6 giờ đến 11giờ:\n+ Giảm còn 150 000đ/trận. \n+ Thứ 7, Chủ nhật giảm còn 200 000đ/trận.\n- Buổi chiều, các khung giờ:\n+ Từ 13g đến 16g: giảm còn 150 000đ/trận; \n+ Từ 16g đến 17g30’: giảm còn 250 000đ/trận.\n3. Thứ 7, Chủ nhật: Các khung giờ buổi chiều lùi lại 30’. Cụ thể là: 16g30’ đến 18g; 18g đến 19g30’; 19g30’ đến 21g. \n4. Khung giờ từ 20g30’ đến 22g tất cả các ngày trong tuần:\n- Giảm còn 300 000đ/trận.', 5, 1, 1, '2015-12-14', '2015-12-14'),
(1382, 'Sân Bóng Mỹ Đình 2', 'P2, Le Quang Dao, My Dinh, Tu Liem, Ha Noi', 'SanBongMyDinh2P2LeQuangDaoMyDinhTuLiemHaNoi', '0966116365', '', 0, '', 'Sân bóng đá MỸ ĐÌNH 2 được đầu tư hệ thống ánh sáng hoàn thiện và kiên cố, đảm bảo ánh sáng khi chơi vào buổi tối..', 'sau 17h hàng ngày là 700.000 VND/90 phút. Với Khung giờ ban ngày, giá thuê mềm hơn dao động từ 300.000 VND đến 500.000 VND /90 Phút', 5, 1, 1, '2015-12-14', '2015-12-14'),
(1383, 'Sân Bóng Phú Hưng', '8, Le Quang Dao, My Dinh, Tu Liem, Ha Noi', 'SanBongPhuHung8LeQuangDaoMyDinhTuLiemHaNoi', '0943205058', '', 0, '', '-Sân bóng cỏ nhân tạo Phú Hưng vừa được thi công hoàn thiện với hệ thống cỏ đạt tiêu chuẩn FiFa.\n- 2 sân đã đi vào hoạt động, phục vụ nhu cầu tập luyện, thi đấu và tổ chức các giải đấu bóng đá mini với thể thức 7 người, 5 người tùy nhu cầu.\n- Kích thước sân 25 x 45.\n- Sử dụng cỏ nhân tạo theo tiêu chuẩn do FIFA quy định, đạt độ chuẩn về số lượng sợi cỏ, trọng lượng cỏ, độ dài cỏ...\n- Sử dụng cát, hạt cao su theo quy định, chống trơn, trượt, hạn chế chấn thương khi ngã, va chạm và đảm bảo thoát nước, mặt sân luôn bằng phẳng.', '8:30 AM - 16:30 PM	200.000 VNĐ	16:30 PM - 22:30 PM	500.000 VNĐ	', 5, 1, 1, '2015-12-14', '2015-12-14'),
(1384, 'SÂN BÓNG ĐÁ CỎ NHÂN TẠO 172 LÊ TRỌNG TẤN', '172, Le Trong Tan, Thanh Xuan, Ha Noi', 'SANBONGDACONHANTAO172LeTRONGTAN172LeTrongTanThanhXuanHaNoi', '1649657343', '', 0, '', '', '', 5, 1, 1, '2015-12-14', '2015-12-14'),
(1385, 'Sân Bóng Trường Múa Sân Khấu Điện Ảnh', 'Hồ Tùng Mậu, Cầu Giấy, Hà Nội ( Đối diện trường ĐH Thương Mại)', 'SanBongTruongMuaSanKhauDienAnhHoTungMauCauGiayHaNoiDoidientruongDHThuongMai', '0985136869', '', 0, '', 'Sân bóng trường múa sân khấu điện ảnh là sân bóng cỏ nhân tạo tại quận cầu giấy hà nội. Sân bóng được xây dựng với diện tích khá gồm 2 sân trong đó có 1 sân cỏ khá đẹp, hệ thống chiếu sáng tốt. Sân nằm trên đường hồ tùng mậu - Hà nội', '', 5, 1, 1, '2015-12-14', '2015-12-14'),
(1386, 'Sân Bóng Nhân Mỹ', 'Khu thể thao Mỹ Đình , Tu Liem, Ha Noi (Cạnh bên UBND xã Mỹ Đình)', 'SanBongNhanMyKhuthethaoMyDinhTuLiemHaNoiCanhbenUBNDxaMyDinh', '0904141089', '', 0, '', 'Sân Nhân Mỹ có ưu điểm là diện tích sân 7 người khá rộng.\nSân bóng Hà Nội - Nhân Mỹ này có mặt cỏ khá mượt và mềm giúp người chơi có thể nhiệt tình trong từng pha bóng mà không sợ bị chấn thương như ở 1 số sân có lớp cỏ khô và cứng.\nTất cả các tiêu chuẩn về mặt cỏ, kích thước, độ sáng của đèn đều được đảm bảo tại cụm sân Nhân Mỹ. Nên sân hay được các anh em, bạn bè đã đến đá giới thiệu.\nTrong khuôn viên của sân bóng có đầy đủ tiện nghi cho việc nghỉ ngơi uống nước, thuê quần áo, giày, tất và cả bóng nữa, 1 điều rất thuận lợi cho người chơi hay những đội bóng khi thiếu những "trang bị" cần thiết.\nCông tác tổ chức của sân Nhân Mỹ cũng khá tốt khi đội ngũ bảo vệ phục vụ khá chuyên nghiệp. Thêm vào đó, bạn cũng không lo bị mất cắp tài sản khi thi đấu tại đây.\nNgoài khung giờ cao điểm, giá cả khá “mềm”.', '7h đến 16h:500k, 16h đến 22h: 700k', 5, 1, 1, '2015-12-14', '2015-12-14'),
(1387, 'Sân Bóng Thiên Trường', '5, Hoàng Minh Giám, Trung Hòa, Cầu Giấy, Hà Nội', 'SanBongThienTruong5HoangMinhGiamTrungHoaCauGiayHaNoi', '0966116366', '', 0, '', 'Hệ thống sân bãi đạt tiêu chuẩn\n• Sân cỏ nhân tạo mềm mại, màu xanh non mát mắt.\n• Hàng rào lưới chắn bóng tại sân được giảm chấn bằng dây cáp, giúp giảm độ nảy của bóng khi va chạm, đồng thời cũng tạo hàng rào an toàn cho cầu thủ.\n• Hệ thống chiếu sáng được thiết kê – thi công bởi đơn vị uy tín với nhiều năm kinh nghiệm. \n• Diện tích rộng rãi, đáp ứng tốt nhu cầu thuê sân để tổ chức các sự kiện: kỷ niệm, liên hoan văn hóa văn nghệ, hoạt động TDTT ngoài trời,.. đem lại hiệu quả cao cho các đơn vị đặt biển quảng cáo.\nDịch vụ chu đáo:\n• Hệ thống cung cấp đồ giải khát phong phú', '', 5, 1, 1, '2015-12-14', '2015-12-14'),
(1388, 'Sân Bóng Trang Anh', 'Lô A7, Nguyen Chanh, Cau Giay, Ha Noi', 'SanBongTrangAnhLoA7NguyenChanhCauGiayHaNoi', '0982362210', '', 0, '', 'Khai trương cuối tháng 10/2013, Gồm 1 sân 11 chia thành 4 sân 7, kích thước mỗi sân 7 là 28×48, là một trong những sân có hệ thống đèn chiếu sáng tốt nhất, cỏ chỉ tiêu chuẩn FIFA', '', 5, 1, 1, '2015-12-14', '2015-12-14'),
(1389, 'Sân Bóng Thống Nhất', '1, Hoang Minh Giam, Cau Giay, Ha Noi', 'SanBongThongNhat1HoangMinhGiamCauGiayHaNoi', '0932281479', '', 0, '', 'Hệ thống sân bãi đạt tiêu chuẩn\n• Sân cỏ nhân tạo mềm mại, màu xanh non mát mắt.\n• Hàng rào lưới chắn bóng tại sân được giảm chấn bằng dây cáp, giúp giảm độ nảy của bóng khi va chạm, đồng thời cũng tạo hàng rào an toàn cho cầu thủ.\n• Hệ thống chiếu sáng được thiết kê – thi công bởi đơn vị uy tín với nhiều năm kinh nghiệm. \n• Diện tích rộng rãi, đáp ứng tốt nhu cầu thuê sân để tổ chức các sự kiện: kỷ niệm, liên hoan văn hóa văn nghệ, hoạt động TDTT ngoài trời,.. đem lại hiệu quả cao cho các đơn vị đặt biển quảng cáo.\nDịch vụ chu đáo:\n• Hệ thống cung cấp đồ giải khát phong phú', '', 5, 1, 1, '2015-12-14', '2015-12-14'),
(1390, 'Sân Bóng Thông Tin Định Công', '195, Dinh Cong, Hoang Mai, Ha Noi', 'SanBongThongTinDinhCong195DinhCongHoangMaiHaNoi', '01694854854', '', 0, '- Giảm giá đến hết tuần sau cho tất cả các khung giờ tối. Mã giảm giá 100K: SBTT100.', '', '', 5, 1, 1, '2015-12-14', '2015-12-14'),
(1391, 'Sân Bóng BKC', 'Linh Duong, Hoang Liet, Hoang Mai, Ha Noi', 'SanBongBKCLinhDuongHoangLietHoangMaiHaNoi', '01233878555', '', 0, '', 'Sân bóng đá BKC với chất lượng cỏ tiêu chuẩn, hệ thống thoát nước tốt. Mặt sân phẳng, tuy nhiên vẫn có những chỗ hơi lồi lõm làm giảm khả năng phán đoán bóng bật nảy trong quá trình đá\nSân bóng đá BKC được đầu tư hệ thống ánh sáng tốt với 12 bóng đèn/sân, đảm bảo ánh sáng tốt khi chơi vào buổi tối.', 'sau 17h	500.000đ/trận 7h-17h: 300k', 5, 1, 1, '2015-12-14', '2015-12-14'),
(1392, 'Bể Bơi Hapu Swimming Pool', 'Hầm B1 Nhà 21T2 Hapulico Complex, Vũ Trọng Phụng, Thanh Xuân, Hà Nội', 'BeBoiHapuSwimmingPoolHamB1Nha21T2HapulicoComplexVuTrongPhungThanhXuanHaNoi', '0473061686', '', 0, '', 'Bể đẹp, rộng, dù là bể trong nhà nhưng không gian rất thoáng đãng, không bí. Về thiết kế, bể chia 3 phần như thế, bể bơi trẻ con ở giữa rộng 5 mét, hai bên là hai khu bơi cho người lớn. Phòng tắm cũng được trang bị sữa tắm, gội đầu, máy sấy đầy đủ cho bé và cha mẹ.', 'Giá vé theo lượt\n- Người lớn: 120.000 VNĐ\n- Trẻ em: 100.000 VNĐ', 2, 1, 1, '2015-12-14', '2015-12-14'),
(1393, 'Bể Bơi Bốn Mùa Khăn Quàng Đỏ', 'Ngo 267, Hoang Hoa Tham, Tay Ho, Ha Noi', 'BeBoiBonMuaKhanQuangDoNgo267HoangHoaThamTayHoHaNoi', '0438456987', '', 0, '', 'Với không gian sang trọng, thoáng đãng bạn sẽ có những giờ phút thư giãn để bơi lội thỏa thích với bạn bè và những người thân yêu của mình sau những giờ học tập và làm việc mệt mỏi!..', 'Trẻ em: 80k, Người lớn: 100k', 2, 1, 1, '2015-12-14', '2015-12-14'),
(1394, 'Bể Bơi Cà phê Hoa Lư', '3, Nguyen Quy Duc, Thanh Xuan, Ha Noi', 'BeBoiCapheHoaLu3NguyenQuyDucThanhXuanHaNoi', '0986443128', '', 0, '', 'Bể bơi này khá ổn, chia hai khu, một cho trẻ em, một cho người lớn. Bể người lớn dài dễ đến 5 chục mét, trông hoành tráng chả khác bể của Học viện Kỹ thuật Quân sự. Chỗ nông nhất hơn 1m, chỗ sâu nhất là 2m2.Khu thay đồ của bể này không tốt lắm, hơi chật, nước tắm yếu, lúc có lúc không. Thế nhưng, tổng thể mà nói, bể này vẫn hơn chán bể Thanh niên ở Tăng Bạt Hổ.', '15k/45p', 2, 1, 1, '2015-12-14', '2015-12-14'),
(1395, 'Bể Bơi Đức Giang', '54. Truong Lam, P. Duc Giang, Long Bien', 'BeBoiDucGiang54TruongLamPDucGiangLongBien', '0923361361', '', 0, '', '\nBể đẹp, đúng tiêu chuẩn, có tranh trang trí trên tường và hoa giả dọc bức tường nhìn cũng đẹp. \nNước ấm, nhưng nhận xét của ad đã bơi ở đây là nước dùng ít clo, nên bị ngứa, có bạn đi cùng ad còn bị mẩn đỏ hết cả hai tay. Lần đầu tiên ad đến bể thì lại không sao... (?!!)\nDịch vụ tốt, gửi đồ không mất tiền, không cần tiền cược. \nPhòng tắm có sữa tắm, gội đầu, máy sấy. Một điểm đặc biệt trong phòng tắm là vì bể của trường cấp 2, nên nhà tắm cũng thiết kế vừa với các bạn học sinh cấp 2, xinh xinh. Nhưng người lớn tắm vẫn thoải mái. Nội thất đẹp.', ' người lớn 40k, trẻ em 20k', 2, 1, 1, '2015-12-14', '2015-12-14'),
(1396, 'Bể Bơi Tăng Bạt Hổ', '5, Tang Bat Ho, Hai Ba Trung, Ha Noi', 'BeBoiTangBatHo5TangBatHoHaiBaTrungHaNoi', '0432888686', '', 0, '', 'Bể mới khai trương vẫn còn ít người biết đến, nên bể vắng, bơi rất thoải mái. \nBể đẹp, đúng tiêu chuẩn, có tranh trang trí trên tường và hoa giả dọc bức tường nhìn cũng đẹp. \nNước ấm, nhưng nhận xét của ad đã bơi ở đây là nước dùng ít clo, nên bị ngứa, có bạn đi cùng ad còn bị mẩn đỏ hết cả hai tay. Lần đầu tiên ad đến bể thì lại không sao... (?!!)\nDịch vụ tốt, gửi đồ không mất tiền, không cần tiền cược. \nPhòng tắm có sữa tắm, gội đầu, máy sấy. Một điểm đặc biệt trong phòng tắm là vì bể của trường cấp 2, nên nhà tắm cũng thiết kế vừa với các bạn học sinh cấp 2, xinh xinh. Nhưng người lớn tắm vẫn thoải mái. Nội thất đẹp.', 'Trẻ em: 80k, Người lớn: 100k', 2, 1, 1, '2015-12-14', '2015-12-14'),
(1397, 'Bể Bơi Quân Đội', '19, Hoang Dieu, Ba Dinh, Ha Noi', 'BeBoiQuanDoi19HoangDieuBaDinhHaNoi', '0438692247', '', 0, '', 'Bể đẹp, rộng, dù là bể trong nhà nhưng không gian rất thoáng đãng, không bí. Về thiết kế, bể chia 3 phần như thế, bể bơi trẻ con ở giữa rộng 5 mét, hai bên là hai khu bơi cho người lớn. Phòng tắm cũng được trang bị sữa tắm, gội đầu, máy sấy đầy đủ cho bé và cha mẹ.', '50k/1 người', 2, 1, 1, '2015-12-14', '2015-12-14'),
(1398, 'Bể Bơi Mai Phúc', '190 Mai Phuc, Phuc Dong, Long Bien, Ha Noi', 'BeBoiMaiPhuc190MaiPhucPhucDongLongBienHaNoi', '01629738988', '', 0, '', 'Bơi lội là họat động thể thao thích thú và bổ ích nhất mà ai cũng có thể tham gia. Bơi không như chạy bộ, đạp xe, nâng tạ hoặc các họat động khác, bởi môn này rất phù hợp cho mọi lứa tuổi hoặc thể trạng.Bơi lội giúp làm chắc khỏe toàn thân, làm dịu tâm trí, cải thiện nhịp thở, kích thích tuần hoàn và không gây căng các khớp. Bơi còn có thể giúp cho chúng ta phát triển thêm về chiều cao.Nói đến bơi lội người dân trong thành phố không thể không nhắc đến bể bơi Mai Phúc đã hoạt động và phát triển gần 20 năm, nước bể bơi rất sạch đạt tiêu chuẩn tốt về chất lượng bể bơi. Hàng năm Bộ y tế và đoàn kiểm tra TP Hà Nội tiến hành xét nghiệm mẫu nước.Bể bơi Mai Phúc - quận Long Biên là bể bơi duy nhất tại Thủ đô Hà Nội không sử dụng hóa chất, thay nước hàng ngày.', 'Giá vé: 20.000đ; 25.000đ', 2, 1, 1, '2015-12-14', '2015-12-14'),
(1399, 'Bể Bơi Bốn Mùa Hoàng Phúc', 'Làng Mieu Nha, Tay Mo, Tu Liem, Ha Noi', 'BeBoiBonMuaHoangPhucLangMieuNhaTayMoTuLiemHaNoi', '0438390248', '', 0, '', 'Đây là bể bơi sử dụng nước biển Sầm sơn nguyên chất 100% duy nhất và đầu tiên tại Hà nội, có bãi cát trắng chuyển về từ Đà nẵng, có thêm các dịch vụ xông hơi, tắm lá Dao đỏ, ăn uống, nặn đất, tô tượng . Giá cả phải chăng, phục vụ nhiệt tình, Đẹp và thoáng, Gần Trung tâm Hà nội.', 'Người lớn 120, trẻ em 50k', 2, 1, 1, '2015-12-14', '2015-12-14'),
(1400, 'Bể Bơi Long Biên', '2, Phuc Tan, Long Bien, Ha Noi', 'BeBoiLongBien2PhucTanLongBienHaNoi', '0945779999', '', 0, '', 'Bể bơi Olympia được xử lý nước theo công nghệ Nhật Bản, quản lý chất lượng nước theo tiêu chuẩn quốc tế 24/24, không gian bể rộng, có bể bơi dành cho trẻ em, khu gửi đồ, tắm tráng rộng rãi ...', 'Người lớn 90k, trẻ em: 70k', 2, 1, 1, '2015-12-14', '2015-12-14'),
(1401, 'Olympia Công Đoàn', '98, To Ngoc Van, Quang An, Tay Ho', 'OlympiaCongDoan98ToNgocVanQuangAnTayHo', '0466738686', '', 0, '', 'Nằm trong hệ thống các phòng tập cao cấp mang thương hiệu Olympia, với trang thiết bị hiện đại nhất từ các thương hiệu nổi tiếng như TechnoGyms, Lifefitness sẽ mang đến một không gian tập luyện hoàn toàn khác biệt. Sau tập luyện, khách hàng được sử dụng hệ thống các phòng xông khô, xông ướt. Phòng tập có view đẹp nhìn ra bể bơi Olympia Công Đoàn', '500k/tháng', 3, 1, 1, '2015-12-14', '2015-12-14'),
(1402, 'Olympia Thượng Thanh', 'Nhà Văn Hóa Thượng Thanh, Gia Lâm, Ha Nội', 'OlympiaThuongThanhNhaVanHoaThuongThanhGiaLamHaNoi', '0466718686', '', 0, 'Giảm 30% cho thẻ 6 tháng trở lên', 'Nằm trong hệ thống các phòng tập cao cấp mang thương hiệu Olympia, với trang thiết bị hiện đại nhất từ các thương hiệu nổi tiếng như TechnoGyms, Lifefitness sẽ mang đến một không gian tập luyện hoàn toàn khác biệt. Sau tập luyện, khách hàng được sử dụng hệ thống các phòng xông khô, xông ướt. Phòng tập có view đẹp nhìn ra bể bơi Olympia Công Đoàn', '400k/ tháng', 3, 1, 1, '2015-12-14', '2015-12-14'),
(1403, 'Olympia Tràng Tiền', 'Tầng 3, 44 Trang Tien, Hoan Kiem, Ha Noi', 'OlympiaTrangTienTang344TrangTienHoanKiemHaNoi', '0437166666', '', 0, 'Khách hàng mua thẻ 1 năm trở lên sẽ được tập luyện ở tất cả các cơ sở trong hệ thống phòng tập Olympia.\n\n- Thẻ 2 năm trở lên: tặng tủ đựng đồ, tặng thẻ bơi bốn mùa và giảm thêm 5% cho nhóm 3 người\n\n', 'Nằm tại vị trí vô cùng thuận tiện tại tầng 3 số 44 Tràng Tiền, phòng tập mới này sẽ khiến quý khách cực kỳ hài lòng khi ghé thăm. Toàn bộ máy móc tại phòng đều được nhập từ Hàn Quốc, đồng bộ với các khu chức năng riêng biệt.  Tại đây có tập gym, aerobic và yoga.\n', '800k/ tháng', 3, 1, 1, '2015-12-14', '2015-12-14'),
(1404, 'Queen Fitness Center', 'Chung cư CT5B, Me Tri Thuong, Me Tri, Tu Liem, Ha Noi', 'QueenFitnessCenterChungcuCT5BMeTriThuongMeTriTuLiemHaNoi', '0976021707', '', 0, '', 'Với phòng tập rộng rãi hơn 200m2 được đầu tư toàn bộ các trang thiết bị hiện đại nhập khẩu, có đầy đủ cơ số máy cho nhiều người tập với các trình độ đẳng cấp khác nhau, thích hợp cho mọi lứa tuổi, cho cả nam, nữ. Từ nhẹ nhàng tới chuyên nghiệp nâng cao.', '600k/ tháng', 3, 1, 1, '2015-12-14', '2015-12-14'),
(1405, 'Queen Fitness Center 2 ', '15, to 3, Phu Do, Nam Tu Liem, Ha Noi', 'QueenFitnessCenter215to3PhuDoNamTuLiemHaNoi', '0986068282', '', 0, '', 'Với phòng tập rộng rãi hơn 200m2 được đầu tư toàn bộ các trang thiết bị hiện đại nhập khẩu, có đầy đủ cơ số máy cho nhiều người tập với các trình độ đẳng cấp khác nhau, thích hợp cho mọi lứa tuổi, cho cả nam, nữ. Từ nhẹ nhàng tới chuyên nghiệp nâng cao.', '500k/ thang', 3, 1, 1, '2015-12-14', '2015-12-14'),
(1406, 'MAXX Fitness Centre', 'Tầng 1, Báo An Ninh Thủ Đô, Tran Binh, Nam Tu Liem, Ha Noi', 'MAXXFitnessCentreTang1BaoAnNinhThuDoTranBinhNamTuLiemHaNoi', '0973098507', '', 0, '', '-Phòng tập thoáng mát , view đẹp bên sông có điều hòa hạ nhiệt\n- Huấn luyện viên nhiệt tình, chuyên nghiệp và hướng dẫn đầy đủ các bài tập theo yêu cầu của học viên khi đến với phòng tập.\n- Thiết bị tập đầy đủ, nhập khẩu mới 100%\n- Có chỗ gửi xe oto, xe máy miễn phí', '450k/ tháng', 3, 1, 1, '2015-12-14', '2015-12-14'),
(1407, 'Phòng tập thể hình LHfitness ', '489 Hoang Quoc Viet, Cau Giay, Ha Noi', 'PhongtapthehinhLHfitness489HoangQuocVietCauGiayHaNoi', '0981154562', '', 0, '', 'Máy nhập mới, huấn luyện viên chuyên nghiệp, nhân viên thân thiện, không gian thoáng mát', '300k/ tháng', 3, 1, 1, '2015-12-14', '2015-12-14'),
(1408, 'Family GYM', '18/177, Dinh Cong, Hoang Mai, Ha Noi', 'FamilyGYM18177DinhCongHoangMaiHaNoi', '0432029555', '', 0, '', '- Phòng tập thoáng mát , view đẹp bên sông có điều hòa hạ nhiệt\n- Huấn luyện viên nhiệt tình, chuyên nghiệp và hướng dẫn đầy đủ các bài tập theo yêu cầu của học viên khi đến với phòng tập.\n- Thiết bị tập đầy đủ, nhập khẩu mới 100%\n- Có chỗ gửi xe oto, xe máy miễn phí', '300k/tháng', 3, 1, 1, '2015-12-14', '2015-12-14'),
(1409, 'Victory GYM', 'Nhà Văn hóa xã Minh Khai, Ngoa Long, Tu Liem, Ha Noi', 'VictoryGYMNhaVanhoaxaMinhKhaiNgoaLongTuLiemHaNoi', '0914799279', '', 0, '', 'Chúng tôi gồm có 2 phòng tập lớn ở 2 tầng với các hoạt động: Thể Hình -GYM\nPhòng tập với trang thiết bị hiện đại, máy móc được nhập khẩu từ Mỹ rất chuyên nghiệp. Phòng ốc thoáng mát, có bình nóng lạnh,có tủ đồ cá nhân riêng...\nHuấn luyện viên chính là bạn Lưu Quảng Yên cùng Đội ngũ giáo viên nhiệt tình , làm việc nghiêm túc và rất chuyên nghiệp.', '170k/tháng', 3, 1, 1, '2015-12-14', '2015-12-14'),
(1410, 'CLB thể hình Khải Phát', '10/152, Bo De, Bac Tu Liem, Ha Noi', 'CLBthehinhKhaiPhat10152BoDeBacTuLiemHaNoi', '0917631961', '', 0, '', 'âu lạc bộ thẩm mỹ thể hình Khải Phát với trang thiết bị máy tập chất lượng hàng đầu bao gồm máy nhập ngoại và thiết bị mang thương hiệu Khải Phát cùng với không gian vô cùng thoáng mát, sạch đẹp đảm bảo cung cấp cho Quý Khách Hàng chất lượng dịch vụ chăm sóc sức khoẻ hoàn hảo. Khải Phát liên tục mở lớp Aerobic , Yago sáng, Khiêu vũ thể thao,  thể hình nam... ', '200k/tháng', 3, 1, 1, '2015-12-14', '2015-12-14'),
(1411, 'ProGym Club', 'Tầng 2, 5, Cau Dien, Tu Liem, Ha Noi', 'ProGymClubTang25CauDienTuLiemHaNoi', '0948612047', '', 0, '', 'Phòng tập với trang thiết bị hiện đại, máy móc được nhập khẩu từ Mỹ rất chuyên nghiệp. Phòng ốc thoáng mát, có bình nóng lạnh,có tủ đồ cá nhân riêng...', '250k/ tháng', 3, 1, 1, '2015-12-14', '2015-12-14'),
(1412, ' CLB Nam Dương', 'Tầng 3, chợ Hôm, Hai Ba Trung, Ha Noi', 'CLBNamDuongTang3choHomHaiBaTrungHaNoi', '01646919011', '', 0, 'Khyến mại:3 tháng: 800k\n6 tháng: 1tr400k\n1 năm: 2tr600k', 'Nhằm đáp ứng nhu cầu và xu hướng của giới trẻ thời nay, nhất là nhu cầu tập luyện trong những tháng hè rảnh rỗi, CLB thể hình NAM DƯƠNG khuyến khích mọi người cả nam và nữ tập luyện thể hình, thẩm mĩ nhằm nâng cao sức khỏe và đạt được vóc dáng mong muốn. CLB với giàn máy tập hiện đại, huấn luyện viên giàu kinh nghiệm, nhiệt tình đảm bảo bạn sẽ hài lòng. Chúng tôi mang đến cho bạn không gian tập luyện thoải mái, thoáng mát, bên cạnh đó là dịch vụ tốt nhất cho khách hàng, CLB NAM DƯƠNG rất quan tâm đến tâm lý khách hàng, huấn luyện viên của chúng tôi sẽ chuẩn bị hệ thóng bài tập cho từng nhóm thành viên nhằm đạt hiệu quả cao nhất, sau khi tập luyện bạn có thể tắm gội ngay tại nhà phòng tắm của CLB. Điều đặc biệt là cả nam và nữ có thể cùng tập luyện với các bài tập đa dạng, phù hợp. Các bạn có thể đến tập cùng với gia đình, thậm chí cùng tập với người yêu. Những cặp yêu nhau có thể cùng nhau tập những bài tập phối hợp tùy theo yêu cầu, vừa sở hữu vóc dáng đẹp lại có những giây phút tình cảm bên nhau. CLB Nam Dương với vị trí đẹp, view nhìn ra thẳng đường Trần Xuân Soạn, phỏng tập thoáng mát nhất định sẽ làm hài lòng quý khách. CLB Nam Dương nằm ngay sát các trung tâm tập luyện erobic, dance sport, múa bụng, thích hợp cho cả gia đình tập luyện. Ngòai ra, Nam Dương Club còn phục vụ tối đa nhu cầu giải khát chăm sóc khách hàng sau khi tập luyện. Đặc biệt, CLB mở cửa tới 9h tối, cho bạn có thể sắp xếp thời gian và có nhiều thời gian tập luyện hơn. Đó chính là điểm hấp dẫn của CLB thể hình Nam Dương. CLB NAM DƯƠNG hoan nghênh các bạn đến tham gia!', '300k/tháng', 3, 1, 1, '2015-12-14', '2015-12-14'),
(1413, 'CLB Newday', '31/105 , Doan Ke Thien, Cau Giay, Ha Noi', 'CLBNewday31105DoanKeThienCauGiayHaNoi', '0979758656', '', 0, '', '', '200k/tháng', 3, 1, 1, '2015-12-14', '2015-12-14'),
(1414, 'Tuấn Vũ 3', 'Nhà văn hoá Dịch Vọng Hậu, Tran Quoc Hoan, Ha Noi', 'TuanVu3NhavanhoaDichVongHauTranQuocHoanHaNoi', '0438459521', '', 0, '', 'Câu lạc bộ thẩm mỹ thể hình Tuấn Vũ với trang thiết bị máy tập chất lượng hàng đầu bao gồm máy nhập ngoại và thiết bị mang thương hiệu Tuấn Vũ cùng với không gian vô cùng thoáng mát, sạch đẹp đảm bảo cung cấp cho Quý Khách Hàng chất lượng dịch vụ chăm sóc sức khoẻ hoàn hảo. Tuấn Vũ liên tục mở lớp Aerobic , Yago sáng, Khiêu vũ thể thao,  thể hình nam... ', '200k/ tháng', 3, 1, 1, '2015-12-14', '2015-12-14'),
(1415, '\nTuan Vu Fitness & Yoga Center ', '139 Cau Giay, Ha Noi', 'TuanVuFitnessYogaCenter139CauGiayHaNoi', '0917510022', '', 0, '', 'Phòng tập được trang bị hiện đại gồm nhiều máy cardio, máy chạy, xe đạp và máy tập cơ các nhóm nhằm đáp ứng các bài tập phát triển cơ bắp cho các bạn trẻ, độ dẻo dai cho người trung tuổi và độ săn chắc, thon gọn cho các bạn gái. Đặc biệt, phòng tập còn có bài tập đặc biệt dành cho các bạn nữ sau sinh muốn lấy lại vóc dáng nhanh chóng.', '350k/ Tháng', 3, 1, 1, '2015-12-14', '2015-12-14'),
(1416, 'CLB Thể Hình Quan Hoa\n', '20/165, Cau Giay, Ha Noi', 'CLBTheHinhQuanHoa20165CauGiayHaNoi', '0913310884', '', 0, '', 'Trung tâm với trang thiết bị hiện đại.\nĐội ngũ huấn luyện viên kinh nghiệm, nhiệt tình.\nCác lớp họp linh động, sôi nổi, trẻ trung', '300k/ tháng', 3, 1, 1, '2015-12-14', '2015-12-14'),
(1417, 'CLB Thể Hình Yên Hoa', 'Tầng  2 làng quốc tế Thăng Long, Cau Giay, Ha Noi', 'CLBTheHinhYenHoaTang2langquocteThangLongCauGiayHaNoi', '0906199551', '', 0, '', 'Sử dụng trang thiết bị cùng giàn máy chạy trượt tuyết hiện đại tiêu chuẩn quốc tế. Tắm nóng lạnh tiện ích, bãi để xe rộng không thu tiền.\nHLV thể hình nhiệt tình, giàu kinh nghiệm đã đạt nhiều huy chương vàng và đội ngũ giáo viên nữ sôi động, trẻ trung, xinh đẹp.\nVới sự kết hợp tập luyện giữa cả nam và nữ. Câu Lạc Bộ chúng tôi sẽ đem đến cho các bạn niềm vui, sự tự tin, hạnh phúc trong cuộc sống. ', '250k/tháng', 3, 1, 1, '2015-12-14', '2015-12-14'),
(1418, 'Sân tennis Bách Khoa', '20, Ta Quang Buu, Ha Noi', 'SantennisBachKhoa20TaQuangBuuHaNoi', '0438680186', '', 0, '', 'Được thiết kế theo các tiêu chuẩn khắt khe của sân tập tennis trên thế giới, hệ thống sân tập tennis và chất lượng mặt sân tốt, đảm bảo tiêu chuẩn luyện tập – thi đấu sẽ đáp ứng tối đa nhu cầu vui chơi và luyện tập thể thao của hội viên và khách mời. Bên cạnh đó, không gian thoáng mát, rộng rãi gần công viên và khu giải khát liền kề cũng sẽ là những yếu tố quan trọng góp phần tạo nên một môi trường lý tưởng để hội viên yên tâm luyện tập những môn thể thao yêu thích', '100k/ 1 giờ', 4, 1, 1, '2015-12-14', '2015-12-14'),
(1419, 'Sân tennis Xuân La', '33 Xuan Dinh, Lac Long Quan, Ha Noi', 'SantennisXuanLa33XuanDinhLacLongQuanHaNoi', '0912372166', '', 0, '', 'Sân Tennis Xuân La là cụm sân gồm 8 sân tennis đạt tiêu chuẩn.\nKhông gian rộng rãi, thoáng mát, sạch sẽ.\nDịch vụ sân chuyên nghiệp, chu đáo. Giá thuê sân hợp lý.', '7h đến 16h:100k/h; 16h đến 21h : 200k', 4, 1, 1, '2015-12-14', '2015-12-14'),
(1420, 'Sân Tennis Minh Lâm', '52/445, Lac Long Quan, Ha Noi ', 'SanTennisMinhLam52445LacLongQuan', '0946655545', '', 0, '', 'Sân được thiết kế với hệ thống chiếu sáng gồm 8 đèn Metal Halide 1000W/ sân, các sân đều được bao quanh bởi các nhà cao tầng nên rất kín gió và ít nắng. Ngoài ra, sân có hệ thống căng tin hiện đại: điều hòa, tivi,… phục vụ cho các bác giải trí, nghỉ ngơi, ăn uống. Phòng thay đồ, tủ gửi đồ và phòng tắm nóng lạnh riêng biệt tiện nghi, sạch sẽ. Đội ngũ nhặt bóng chuyên nghiệp, phục vụ nhiệt tình. Bãi gửi xe rộng rãi, ô tô ra vào thoải mái, an ninh đảm bảo.', '50K/ 1h ban Ngày\nT7,CN : 100k / 1h\n170K/1h (từ 17h đến 22h )', 4, 1, 1, '2015-12-14', '2015-12-14'),
(1421, 'Sân Tennis Fafilm Cinema', '19, Nguyen Trai, Thanh Xuan, Ha Noi', 'SanTennisFafilmCinema19NguyenTraiThanhXuanHaNoi', '0435636126', '', 0, '', 'Được thiết kế theo các tiêu chuẩn khắt khe của sân tập tennis trên thế giới, hệ thống sân tập tennis và chất lượng mặt sân tốt, đảm bảo tiêu chuẩn luyện tập – thi đấu sẽ đáp ứng tối đa nhu cầu vui chơi và luyện tập thể thao của hội viên và khách mời. Bên cạnh đó, không gian thoáng mát, rộng rãi gần công viên và khu giải khát liền kề cũng sẽ là những yếu tố quan trọng góp phần tạo nên một môi trường lý tưởng để hội viên yên tâm luyện tập những môn thể thao yêu thích', '6h đến 15h: 250k/2h, 15h đến 21h: 300k/2h', 4, 1, 1, '2015-12-14', '2015-12-14');
INSERT INTO `location` (`id`, `name`, `address`, `link`, `contact`, `coordinates`, `area`, `sale`, `describe`, `price`, `category_id`, `user_id`, `actived`, `created_at`, `updated_at`) VALUES
(1422, 'Sân Tennis Cafe Trắng', '335 Nguyen Khuyen, KDT Van Quan', 'SanTennisCafeTrang335NguyenKhuyenKDTVanQuan', '0994592358', '', 0, '', 'Được thiết kế theo các tiêu chuẩn khắt khe của sân tập tennis trên thế giới, hệ thống sân tập tennis và chất lượng mặt sân tốt, đảm bảo tiêu chuẩn luyện tập – thi đấu sẽ đáp ứng tối đa nhu cầu vui chơi và luyện tập thể thao của hội viên và khách mời. Bên cạnh đó, không gian thoáng mát, rộng rãi gần công viên và khu giải khát liền kề cũng sẽ là những yếu tố quan trọng góp phần tạo nên một môi trường lý tưởng để hội viên yên tâm luyện tập những môn thể thao yêu thích', '7h đến 16h: 200k, 16h đến 21h30: 300k', 4, 1, 1, '2015-12-14', '2015-12-14');

-- --------------------------------------------------------

--
-- Table structure for table `migrations`
--

CREATE TABLE IF NOT EXISTS `migrations` (
  `migration` varchar(255) COLLATE utf8_unicode_ci NOT NULL,
  `batch` int(11) NOT NULL
) ENGINE=InnoDB DEFAULT CHARSET=utf8 COLLATE=utf8_unicode_ci;

--
-- Dumping data for table `migrations`
--

INSERT INTO `migrations` (`migration`, `batch`) VALUES
('2014_10_12_000000_create_users_table', 1),
('2014_10_12_100000_create_password_resets_table', 1);

-- --------------------------------------------------------

--
-- Table structure for table `password_resets`
--

CREATE TABLE IF NOT EXISTS `password_resets` (
  `email` varchar(255) COLLATE utf8_unicode_ci NOT NULL,
  `token` varchar(255) COLLATE utf8_unicode_ci NOT NULL,
  `created_at` timestamp NOT NULL DEFAULT '0000-00-00 00:00:00'
) ENGINE=InnoDB DEFAULT CHARSET=utf8 COLLATE=utf8_unicode_ci;

-- --------------------------------------------------------

--
-- Table structure for table `users`
--

CREATE TABLE IF NOT EXISTS `users` (
  `id` int(10) unsigned NOT NULL,
  `name` varchar(255) COLLATE utf8_unicode_ci NOT NULL,
  `email` varchar(255) COLLATE utf8_unicode_ci NOT NULL,
  `admin` int(11) NOT NULL DEFAULT '0',
  `remember_token` varchar(100) COLLATE utf8_unicode_ci DEFAULT NULL,
  `created_at` timestamp NOT NULL DEFAULT '0000-00-00 00:00:00',
  `updated_at` timestamp NOT NULL DEFAULT '0000-00-00 00:00:00'
) ENGINE=InnoDB AUTO_INCREMENT=3 DEFAULT CHARSET=utf8 COLLATE=utf8_unicode_ci;

--
-- Dumping data for table `users`
--

INSERT INTO `users` (`id`, `name`, `email`, `admin`, `remember_token`, `created_at`, `updated_at`) VALUES
(1, 'Mai Văn Hiến', 'hienmv94@gmail.com', 1, NULL, '2015-12-07 04:45:38', '2015-12-07 04:45:38'),
(2, 'Hien Mai Van', 'hienmv.nd@gmail.com', 0, NULL, '2015-12-07 04:47:34', '2015-12-07 04:47:34');

--
-- Indexes for dumped tables
--

--
-- Indexes for table `category`
--
ALTER TABLE `category`
  ADD PRIMARY KEY (`category_id`);

--
-- Indexes for table `images`
--
ALTER TABLE `images`
  ADD PRIMARY KEY (`image_id`), ADD KEY `fk_location` (`location_id`);

--
-- Indexes for table `location`
--
ALTER TABLE `location`
  ADD PRIMARY KEY (`id`), ADD KEY `fk_user` (`user_id`), ADD KEY `fk_category` (`category_id`);

--
-- Indexes for table `password_resets`
--
ALTER TABLE `password_resets`
  ADD KEY `password_resets_email_index` (`email`), ADD KEY `password_resets_token_index` (`token`);

--
-- Indexes for table `users`
--
ALTER TABLE `users`
  ADD PRIMARY KEY (`id`);

--
-- AUTO_INCREMENT for dumped tables
--

--
-- AUTO_INCREMENT for table `images`
--
ALTER TABLE `images`
  MODIFY `image_id` int(11) NOT NULL AUTO_INCREMENT,AUTO_INCREMENT=229;
--
-- AUTO_INCREMENT for table `location`
--
ALTER TABLE `location`
  MODIFY `id` int(11) NOT NULL AUTO_INCREMENT,AUTO_INCREMENT=1423;
--
-- AUTO_INCREMENT for table `users`
--
ALTER TABLE `users`
  MODIFY `id` int(10) unsigned NOT NULL AUTO_INCREMENT,AUTO_INCREMENT=3;
--
-- Constraints for dumped tables
--

--
-- Constraints for table `images`
--
ALTER TABLE `images`
ADD CONSTRAINT `fk_location` FOREIGN KEY (`location_id`) REFERENCES `location` (`id`) ON DELETE CASCADE;

--
-- Constraints for table `location`
--
ALTER TABLE `location`
ADD CONSTRAINT `fk_category` FOREIGN KEY (`category_id`) REFERENCES `category` (`category_id`) ON DELETE CASCADE,
ADD CONSTRAINT `fk_user` FOREIGN KEY (`user_id`) REFERENCES `users` (`id`) ON DELETE CASCADE;

/*!40101 SET CHARACTER_SET_CLIENT=@OLD_CHARACTER_SET_CLIENT */;
/*!40101 SET CHARACTER_SET_RESULTS=@OLD_CHARACTER_SET_RESULTS */;
/*!40101 SET COLLATION_CONNECTION=@OLD_COLLATION_CONNECTION */;
